read,count_BLOCK,count_REENTER,count_TAKE,count_WATCH,sum_BLOCK,sum_REENTER,sum_TAKE,sum_WATCH
ACCEPTED,15,2,76,57,-18549.91,-1994.15,-56074.89,-59503.15
FIRST_PRINT,10,3,56,58,-18033.41,-5630.02,-53977.18,-94999.99
HUNT,0,0,0,2,0.0,0.0,0.0,-4045.99
LEAVE,673,61,473,541,-622018.51,-82951.27,-482871.52,-486767.66
NEW,303,8,0,0,-142013.64,-12110.03,0.0,0.0
PENDING,477,38,0,849,-623191.89,-50431.21,0.0,-618622.9
RECYCLE,5,2,0,88,20608.89,-3386.41,0.0,-84279.93
REJECT,9,8,0,146,-18507.14,-10776.16,0.0,-72478.54
THIN,14,18,0,510,-25181.81,-7060.94,0.0,-515236.59
