hour_bin,n,kept,kept_share,net,mean_net,win_rate,pts,mean_pts,winners,big,huge,kept_net,skipped_net,kept_mean,skipped_mean,kept_win_rate,skipped_win_rate,big_skipped
09,369,73,0.1978,-293377.99,-795.06,0.2005,1446.45,3.92,74,28,20,-27934.0,-265443.99,-382.66,-896.77,0.274,0.1824,22
10,592,95,0.1605,-382211.39,-645.63,0.1774,3687.45,6.23,105,43,14,-119468.82,-262742.57,-1257.57,-528.66,0.1789,0.1771,36
11,677,118,0.1743,-755807.02,-1116.41,0.1196,-707.4,-1.04,81,21,6,-79225.59,-676581.43,-671.4,-1210.34,0.178,0.1073,14
12,740,131,0.177,-864602.99,-1168.38,0.1216,-1400.15,-1.89,90,30,12,-170322.16,-694280.83,-1300.17,-1140.03,0.1145,0.1232,26
13,764,117,0.1531,-734308.5,-961.14,0.127,997.65,1.31,97,32,15,-117376.64,-616931.86,-1003.22,-953.53,0.1709,0.119,25
14,808,146,0.1807,-584784.74,-723.74,0.146,4017.0,4.97,118,61,33,-89274.25,-495510.49,-611.47,-748.51,0.1096,0.1541,54
15,258,62,0.2403,-286379.7,-1110.0,0.1744,-257.8,-1.0,45,33,21,-158139.91,-128239.79,-2550.64,-654.28,0.2097,0.1633,27
<09:25,189,3,0.0159,-132859.6,-702.96,0.2169,1011.4,5.35,41,23,13,-5522.41,-127337.19,-1840.8,-684.61,0.0,0.2204,23
>=15:20,105,0,0.0,-115754.02,-1102.42,0.3143,-75.55,-0.72,33,23,12,0.0,-115754.02,,-1102.42,,0.3143,23
