setup_i,time,dir,hour_bin,read,gate_at,outcome_gate,block_reason,branch,take_why,visit_n,fnd_pts,fnd_net,exit_reason,bars_held,exit_time,cross_session,mfe,mae,sl_dist_pts,kept
317352,2025-03-17 14:49:00,up,14,PENDING,WATCH,WATCH,none,none,none,9.0,2179.2,140533.33,next_choch,26132,2025-07-28 12:51:00,1,3218.0,-6.3,15.4,0
244321,2024-06-05 10:07:00,up,10,NEW,BLOCK,BLOCK,new,none,none,,1938.25,124884.18,next_choch,15462,2024-08-05 11:34:00,1,3094.45,-35.25,37.95,0
274275,2024-09-30 09:21:00,down,<09:25,LEAVE,BLOCK,BLOCK,new,none,leave_gap_quiet,,1665.8,107135.64,next_choch,15872,2024-12-03 11:23:00,1,2951.1,-11.05,30.25,0
39851,2022-03-08 13:32:00,up,13,THIN,WATCH,WATCH,none,none,none,6.0,1489.05,95800.49,next_choch,8417,2022-04-18 10:04:00,1,2439.45,-7.75,40.15,0
197497,2023-11-30 14:30:00,up,14,LEAVE,TAKE,TAKE,none,leave,none,6.0,982.35,62797.39,next_choch,5326,2023-12-21 09:31:00,1,1567.25,-18.05,52.65,1
73488,2022-07-27 10:03:00,up,10,LEAVE,WATCH,WATCH,leave_into_recycle,none,leave_into_recycle,1.0,918.55,58712.82,next_choch,6424,2022-08-23 10:52:00,1,1487.8,-4.6,29.05,0
21425,2021-12-27 10:05:00,up,10,PENDING,WATCH,WATCH,none,none,none,11.0,876.3,55959.17,next_choch,6786,2022-01-20 10:41:00,1,1378.55,-24.45,39.95,0
158101,2023-06-27 14:08:00,up,14,PENDING,WATCH,WATCH,none,none,none,8.0,783.0,49865.44,next_choch,9344,2023-08-02 13:38:00,1,1209.55,-2.0,9.0,0
262775,2024-08-16 11:26:00,up,11,LEAVE,TAKE,TAKE,none,leave,none,,693.7,43967.71,next_choch,5544,2024-09-06 10:05:00,1,1123.0,0.0,39.65,1
293746,2024-12-16 15:07:00,down,15,PENDING,BLOCK,BLOCK,hunt_fade,none,none,4.0,658.8,41703.56,next_choch,2683,2024-12-27 09:51:00,1,1155.8,-10.2,23.35,0
243960,2024-06-04 10:21:00,down,10,NEW,BLOCK,BLOCK,new,none,none,,631.4,39956.18,next_choch,206,2024-06-04 13:47:00,0,1492.35,-131.15,186.65,0
61454,2022-06-10 09:29:00,down,09,LEAVE,BLOCK,BLOCK,new,none,leave_vol_fail,,608.3,38565.73,next_choch,2450,2022-06-21 12:49:00,1,1064.0,-34.15,54.7,0
136034,2023-03-29 15:01:00,up,15,PENDING,WATCH,WATCH,none,none,none,7.0,587.4,37183.87,next_choch,4068,2023-04-19 14:04:00,1,848.0,0.0,36.95,0
88026,2022-09-22 14:51:00,down,14,LEAVE,TAKE,TAKE,none,leave,none,,564.1,35668.55,next_choch,2125,2022-09-30 12:46:00,1,908.85,-13.0,46.5,1
239597,2024-05-16 14:24:00,up,14,LEAVE,WATCH,WATCH,leave_into_recycle,none,leave_into_recycle,3.0,526.65,33147.27,next_choch,2874,2024-05-29 10:32:00,1,949.4,-16.55,37.55,0
36961,2022-02-23 15:07:00,down,15,LEAVE,WATCH,WATCH,leave_into_recycle,none,leave_into_recycle,2.0,483.25,30423.14,next_choch,401,2022-02-25 09:33:00,1,854.95,-8.3,34.65,0
212146,2024-01-25 14:54:00,up,14,ACCEPTED,TAKE,TAKE,none,defend,none,10.0,475.3,29826.56,next_choch,714,2024-01-30 14:18:00,1,664.2,-7.45,10.5,1
70719,2022-07-15 13:54:00,up,13,REJECT,WATCH,WATCH,none,none,none,5.0,472.6,29741.66,next_choch,2730,2022-07-27 09:24:00,1,776.7,-9.75,18.3,0
202837,2023-12-21 09:45:00,up,09,LEAVE,TAKE,TAKE,none,leave,none,,453.05,28382.48,next_choch,3167,2024-01-03 12:32:00,1,858.05,-46.95,61.95,1
175059,2023-09-01 09:17:00,up,<09:25,NEW,BLOCK,BLOCK,new,none,none,,450.7,28259.97,next_choch,4889,2023-09-21 09:31:00,1,868.85,-21.15,148.85,0
363871,2025-10-15 15:11:00,up,15,REJECT,WATCH,WATCH,none,none,none,6.0,433.0,27006.82,next_choch,1812,2025-10-24 13:07:00,1,757.5,-4.7,6.3,0
52598,2022-05-05 13:34:00,down,13,PENDING,WATCH,WATCH,none,none,none,6.0,424.9,26634.65,next_choch,1054,2022-05-10 12:23:00,1,673.4,-8.6,39.6,0
2903,2021-10-12 13:53:00,up,13,REJECT,WATCH,WATCH,none,none,none,2.0,424.0,26550.14,next_choch,1758,2021-10-20 11:56:00,1,671.0,0.0,15.0,0
39166,2022-03-04 14:37:00,down,14,NEW,BLOCK,BLOCK,new,none,none,,415.5,26032.18,next_choch,486,2022-03-08 10:13:00,1,615.45,-8.4,87.9,0
19126,2021-12-17 09:16:00,down,<09:25,PENDING,WATCH,WATCH,none,none,none,5.0,412.3,25808.37,next_choch,785,2021-12-21 09:51:00,1,818.8,-12.7,98.75,0
103081,2022-11-24 09:31:00,up,09,PENDING,WATCH,WATCH,none,none,none,11.0,386.9,24132.27,next_choch,2665,2022-12-05 10:11:00,1,672.05,-5.3,61.9,0
227280,2024-03-26 15:22:00,up,>=15:20,LEAVE,BLOCK,BLOCK,clock,none,none,8.0,367.9,22833.1,next_choch,4133,2024-04-15 09:15:00,1,751.65,-11.8,14.35,0
33965,2022-02-11 15:11:00,down,15,REJECT,WATCH,WATCH,none,none,none,3.0,363.6,22640.75,next_choch,538,2022-02-15 11:39:00,1,565.6,-8.4,16.4,0
131210,2023-03-13 09:35:00,down,09,NEW,BLOCK,BLOCK,new,none,none,,360.0,22404.24,next_choch,1486,2023-03-17 09:23:00,1,592.85,-9.4,60.85,0
149474,2023-05-25 14:06:00,up,14,PENDING,WATCH,WATCH,none,none,none,1.0,352.55,21901.71,next_choch,1379,2023-05-31 12:05:00,1,514.4,-5.4,15.2,0
16127,2021-12-07 09:17:00,up,<09:25,NEW,BLOCK,BLOCK,new,none,none,,339.95,21102.44,next_choch,1727,2021-12-13 13:04:00,1,603.05,-57.5,139.95,0
358559,2025-09-24 14:09:00,down,14,PENDING,WATCH,WATCH,none,none,none,4.0,339.5,20940.79,next_choch,1614,2025-10-01 09:48:00,1,584.0,-8.1,31.0,0
304093,2025-01-24 12:35:00,down,12,LEAVE,WATCH,WATCH,leave_into_recycle,none,leave_into_recycle,8.0,330.2,20368.15,next_choch,676,2025-01-28 11:21:00,1,490.1,0.0,23.9,0
119552,2023-01-24 15:17:00,down,15,LEAVE,WATCH,WATCH,none,none,leave_vol_fail,14.0,328.85,20368.95,next_choch,1388,2023-01-31 13:25:00,1,601.55,-1.2,9.95,0
305740,2025-01-30 15:02:00,up,15,LEAVE,WATCH,WATCH,leave_into_recycle,none,leave_into_recycle,5.0,315.7,19421.44,next_choch,575,2025-02-01 12:07:00,1,487.25,-18.0,74.45,0
211100,2024-01-23 09:58:00,down,09,LEAVE,TAKE,TAKE,none,leave,none,,311.35,19169.83,next_choch,397,2024-01-24 10:20:00,1,582.15,-6.85,42.45,1
308394,2025-02-10 09:16:00,down,<09:25,PENDING,BLOCK,BLOCK,open_pierce,none,none,3.0,311.3,19135.27,next_choch,1162,2025-02-13 09:53:00,1,653.05,-16.35,92.95,0
270053,2024-09-12 13:59:00,up,13,RECYCLE,WATCH,WATCH,none,none,none,12.0,309.1,18961.27,next_choch,1501,2024-09-18 14:00:00,1,461.65,-1.4,15.8,0
96602,2022-10-28 14:02:00,up,14,PENDING,WATCH,WATCH,none,none,none,2.0,307.15,18958.85,next_choch,1371,2022-11-03 11:53:00,1,439.7,-13.0,16.45,0
187988,2023-10-23 12:16:00,down,12,PENDING,WATCH,WATCH,none,none,none,1.0,305.6,18835.21,next_choch,1081,2023-10-27 11:32:00,1,594.45,-13.5,15.65,0
34504,2022-02-15 11:40:00,up,11,LEAVE,WATCH,WATCH,none,none,leave_vol_fail,7.0,293.8,18104.67,next_choch,598,2022-02-16 15:23:00,1,487.0,-9.7,19.0,0
314395,2025-03-05 09:17:00,up,<09:25,LEAVE,BLOCK,BLOCK,open_pierce,none,none,,281.75,17232.21,next_choch,1449,2025-03-10 14:41:00,1,505.35,-10.6,51.75,0
369719,2025-11-11 11:38:00,up,11,LEAVE,WATCH,WATCH,none,none,leave_vol_fail,2.0,267.1,16222.6,next_choch,1028,2025-11-14 10:01:00,1,494.4,-5.8,20.7,0
6742,2021-10-27 15:22:00,down,>=15:20,LEAVE,BLOCK,BLOCK,clock,none,none,,257.7,15742.77,next_choch,495,2021-10-29 11:07:00,1,519.95,-9.55,49.45,0
93300,2022-10-13 15:15:00,up,15,LEAVE,TAKE,TAKE,none,leave,none,,256.3,15667.52,next_choch,261,2022-10-14 13:21:00,1,348.05,-15.5,19.95,1
86153,2022-09-15 14:53:00,down,14,PENDING,WATCH,WATCH,none,none,none,8.0,255.5,15604.45,next_choch,462,2022-09-19 10:05:00,1,465.8,-13.4,24.75,0
290925,2024-12-05 11:51:00,up,11,LEAVE,TAKE,TAKE,none,leave,none,2.0,253.85,15380.98,next_choch,271,2024-12-06 10:07:00,1,467.75,-11.75,21.15,1
142381,2023-04-27 14:33:00,up,14,LEAVE,BLOCK,BLOCK,new,none,leave_vol_fail,,253.15,15448.01,next_choch,1721,2023-05-05 11:59:00,1,431.7,-4.55,13.85,0
223924,2024-03-13 09:26:00,down,09,LEAVE,WATCH,WATCH,none,none,leave_vol_fail,9.0,243.8,14766.49,next_choch,461,2024-03-14 10:52:00,1,423.0,-0.55,13.1,0
376712,2025-12-08 09:26:00,down,09,THIN,WATCH,WATCH,none,none,none,7.0,241.1,14525.18,next_choch,809,2025-12-10 10:25:00,1,419.5,-7.0,25.7,0
81689,2022-08-29 15:29:00,up,>=15:20,RECYCLE,BLOCK,BLOCK,clock,none,none,3.0,232.8,14134.06,next_choch,535,2022-09-01 11:54:00,1,457.55,0.0,37.2,0
58437,2022-05-27 15:18:00,up,15,NEW,BLOCK,BLOCK,new,none,none,,221.95,13447.05,next_choch,410,2022-06-01 09:47:00,1,344.0,-6.95,16.45,0
366547,2025-10-28 15:01:00,up,15,LEAVE,WATCH,WATCH,leave_into_recycle,none,leave_into_recycle,10.0,221.2,13234.33,next_choch,411,2025-10-30 09:22:00,1,365.2,-8.0,57.5,0
108704,2022-12-15 09:29:00,down,09,LEAVE,WATCH,WATCH,none,none,leave_vol_fail,3.0,210.95,12695.51,next_choch,1056,2022-12-19 14:35:00,1,377.6,-1.2,58.15,0
30861,2022-02-01 13:27:00,up,13,LEAVE,TAKE,TAKE,none,leave,none,,210.7,12696.9,next_choch,653,2022-02-03 11:50:00,1,365.5,-21.2,92.3,1
297915,2025-01-02 09:37:00,up,09,LEAVE,TAKE,TAKE,none,leave,none,3.0,210.15,12550.13,next_choch,389,2025-01-03 09:51:00,1,379.75,-24.25,31.25,1
272353,2024-09-20 14:49:00,up,14,LEAVE,WATCH,WATCH,none,none,leave_vol_fail,4.0,208.55,12416.13,next_choch,953,2024-09-25 11:57:00,1,310.25,-10.25,55.9,0
121315,2023-02-01 13:25:00,down,13,NEW,BLOCK,BLOCK,new,none,none,,205.3,12341.44,next_choch,152,2023-02-02 09:42:00,1,442.65,-17.75,58.2,0
64017,2022-06-21 14:42:00,down,14,PENDING,WATCH,WATCH,none,none,none,2.0,203.5,12262.65,next_choch,431,2022-06-23 09:23:00,1,323.75,0.0,24.15,0
296957,2024-12-30 12:24:00,down,12,LEAVE,BLOCK,BLOCK,new,none,leave_vol_fail,,200.75,11941.46,next_choch,450,2024-12-31 13:39:00,1,405.0,-13.0,25.0,0
356028,2025-09-16 09:28:00,up,09,LEAVE,TAKE,TAKE,none,leave,none,,197.1,11680.66,next_choch,1134,2025-09-19 09:37:00,1,339.1,-5.8,10.9,1
298717,2025-01-06 10:29:00,down,10,LEAVE,WATCH,WATCH,none,none,leave_vol_fail,5.0,190.35,11264.6,next_choch,310,2025-01-07 09:24:00,1,395.5,0.0,27.0,0
86933,2022-09-19 15:23:00,up,>=15:20,PENDING,BLOCK,BLOCK,clock,none,none,5.0,185.0,11023.34,next_choch,362,2022-09-20 15:10:00,1,298.1,-7.7,22.6,0
231613,2024-04-15 12:35:00,down,12,THIN,WATCH,WATCH,none,none,none,5.0,184.7,10924.62,next_choch,553,2024-04-18 09:18:00,1,346.55,-8.7,17.2,0
209595,2024-01-17 09:53:00,down,09,THIN,WATCH,WATCH,none,none,none,2.0,180.95,10691.8,next_choch,712,2024-01-19 09:15:00,1,504.05,-13.4,25.0,0
13501,2021-11-26 09:16:00,down,<09:25,RECYCLE,WATCH,WATCH,none,none,none,2.0,179.4,10667.46,next_choch,508,2021-11-29 11:29:00,1,504.2,-23.05,183.2,0
32150,2022-02-07 09:56:00,down,09,PENDING,WATCH,WATCH,none,none,none,1.0,178.3,10594.9,next_choch,529,2022-02-08 12:30:00,1,367.6,-11.2,42.2,0
112759,2022-12-29 14:34:00,up,14,THIN,REENTER,REENTER,none,watch,none,2.0,177.1,10502.29,next_choch,285,2022-12-30 13:04:00,1,281.1,-12.65,22.55,1
218787,2024-02-21 13:05:00,down,13,THIN,WATCH,WATCH,none,none,none,7.0,176.8,10414.67,next_choch,415,2024-02-22 13:45:00,1,307.45,-8.05,13.1,0
12006,2021-11-22 09:21:00,down,<09:25,LEAVE,BLOCK,BLOCK,new,none,leave_gap_quiet,,163.75,9645.01,next_choch,624,2021-11-23 13:30:00,1,405.75,-46.25,58.8,0
373714,2025-11-26 09:28:00,up,09,LEAVE,WATCH,WATCH,leave_into_recycle,none,leave_into_recycle,11.0,162.5,9415.36,next_choch,610,2025-11-27 13:23:00,1,327.6,-3.0,15.8,0
226142,2024-03-20 15:09:00,up,15,FIRST_PRINT,TAKE,TAKE,none,first_print,none,1.0,162.0,9455.69,next_choch,187,2024-03-21 12:01:00,1,238.1,-4.2,12.65,1
309967,2025-02-14 10:29:00,down,10,PENDING,BLOCK,BLOCK,new,none,none,1.0,160.7,9353.35,next_choch,242,2025-02-14 14:31:00,0,269.25,-18.3,53.1,0
94059,2022-10-17 15:24:00,up,>=15:20,LEAVE,BLOCK,BLOCK,clock,none,none,,158.75,9323.11,next_choch,320,2022-10-18 14:29:00,1,223.35,-10.95,15.05,0
214347,2024-02-05 14:05:00,down,14,LEAVE,BLOCK,BLOCK,hunt_fade,none,none,,158.1,9203.56,next_choch,86,2024-02-06 09:16:00,1,227.1,-0.9,24.9,0
130607,2023-03-09 12:02:00,down,12,LEAVE,WATCH,WATCH,leave_into_recycle,none,leave_into_recycle,2.0,158.0,9270.01,next_choch,598,2023-03-13 09:30:00,1,358.8,-2.0,16.75,0
129318,2023-03-03 09:18:00,up,<09:25,LEAVE,WATCH,WATCH,none,none,leave_vol_fail,14.0,154.2,9024.12,next_choch,752,2023-03-08 09:20:00,1,354.9,0.0,123.4,0
208422,2024-01-11 15:20:00,up,>=15:20,PENDING,BLOCK,BLOCK,clock,none,none,9.0,153.7,8920.19,next_choch,1135,2024-01-17 09:15:00,1,465.6,-5.0,10.2,0
66670,2022-06-30 15:10:00,down,15,LEAVE,BLOCK,BLOCK,new,none,leave_vol_fail,,153.4,9004.29,next_choch,202,2022-07-01 12:17:00,1,267.75,-6.35,23.35,0
220515,2024-02-28 10:38:00,down,10,PENDING,WATCH,WATCH,none,none,none,12.0,153.0,8868.7,next_choch,214,2024-02-28 14:12:00,0,284.3,-12.0,19.4,0
221192,2024-03-01 09:25:00,up,09,PENDING,WATCH,WATCH,none,none,none,1.0,148.45,8569.27,next_choch,910,2024-03-05 10:19:00,1,291.2,-16.75,281.75,0
68148,2022-07-06 14:48:00,up,14,REJECT,WATCH,WATCH,none,none,none,10.0,148.3,8668.09,next_choch,341,2022-07-07 14:14:00,1,237.3,-3.15,31.55,0
312139,2025-02-21 15:26:00,down,>=15:20,LEAVE,BLOCK,BLOCK,clock,none,none,7.0,147.2,8481.0,next_choch,157,2025-02-24 11:48:00,1,219.25,-1.1,22.8,0
182535,2023-09-29 15:08:00,down,15,LEAVE,BLOCK,BLOCK,hunt_fade,none,none,3.0,146.15,8465.9,next_choch,782,2023-10-05 09:25:00,1,339.85,-18.25,24.85,0
7614,2021-11-01 11:09:00,up,11,PENDING,WATCH,WATCH,none,none,none,1.0,146.1,8492.8,next_choch,316,2021-11-02 10:10:00,1,241.0,-22.0,25.15,0
196733,2023-11-28 14:16:00,up,14,RECYCLE,WATCH,WATCH,none,none,none,19.0,145.15,8395.66,next_choch,499,2023-11-30 10:05:00,1,280.3,-0.75,6.35,0
8695,2021-11-08 10:25:00,up,10,LEAVE,BLOCK,BLOCK,hunt_fade,none,none,,145.1,8426.0,next_choch,404,2021-11-09 10:54:00,1,250.0,-11.0,13.45,0
380450,2025-12-19 15:29:00,up,>=15:20,NEW,BLOCK,BLOCK,clock,none,none,,145.0,8280.35,next_choch,1033,2025-12-24 13:57:00,1,232.2,0.0,8.5,0
147910,2023-05-19 13:02:00,up,13,FIRST_PRINT,TAKE,TAKE,none,first_print,none,1.0,144.65,8392.66,next_choch,904,2023-05-24 09:21:00,1,286.65,-10.35,15.65,1
222675,2024-03-06 13:37:00,up,13,LEAVE,BLOCK,BLOCK,new,none,leave_vol_fail,,143.15,8222.43,next_choch,202,2024-03-07 10:44:00,1,211.85,-1.0,12.15,0
232415,2024-04-18 13:27:00,down,13,LEAVE,TAKE,TAKE,none,leave,none,,143.15,8228.71,next_choch,337,2024-04-19 12:49:00,1,357.3,-104.1,158.5,1
360913,2025-10-06 09:38:00,up,09,LEAVE,BLOCK,BLOCK,new,none,leave_vol_fail,,142.4,8128.81,next_choch,833,2025-10-08 11:01:00,1,299.0,-3.7,45.4,0
349986,2025-08-21 15:01:00,down,15,NEW,BLOCK,BLOCK,new,none,none,,140.5,8005.81,next_choch,432,2025-08-25 09:43:00,1,243.7,-6.5,12.3,0
36516,2022-02-22 13:57:00,up,13,LEAVE,REENTER,REENTER,none,watch,none,3.0,140.0,8110.53,next_choch,410,2022-02-23 14:32:00,1,248.65,-1.2,58.9,1
173110,2023-08-24 14:18:00,down,14,FIRST_PRINT,WATCH,WATCH,none,none,first_print_against,1.0,139.0,8005.55,next_choch,526,2023-08-28 10:34:00,1,228.8,-11.85,16.9,0
352978,2025-09-03 14:53:00,up,14,PENDING,REENTER,REENTER,none,watch,none,6.0,139.0,7911.87,next_choch,122,2025-09-04 10:40:00,1,250.0,-12.7,29.0,1
216969,2024-02-14 14:02:00,up,14,THIN,WATCH,WATCH,none,none,none,2.0,136.95,7830.72,next_choch,112,2024-02-15 09:39:00,1,235.55,-9.0,33.35,0
292697,2024-12-12 10:08:00,down,10,LEAVE,WATCH,WATCH,leave_into_recycle,none,leave_into_recycle,3.0,136.1,7727.01,next_choch,485,2024-12-13 11:58:00,1,479.0,-6.4,33.95,0
235979,2024-05-03 10:21:00,down,10,LEAVE,WATCH,WATCH,none,none,leave_vol_fail,11.0,133.45,7587.62,next_choch,319,2024-05-06 09:25:00,1,318.65,-16.85,28.65,0
170180,2023-08-11 15:28:00,down,>=15:20,RECYCLE,BLOCK,BLOCK,clock,none,none,5.0,130.9,7478.07,next_choch,125,2023-08-14 11:18:00,1,185.8,-2.2,7.2,0
211646,2024-01-24 12:49:00,up,12,THIN,WATCH,WATCH,none,none,none,4.0,130.1,7393.6,next_choch,189,2024-01-25 09:43:00,1,233.95,-0.55,35.5,0
273822,2024-09-26 14:18:00,up,14,LEAVE,BLOCK,BLOCK,hunt_fade,none,none,,128.6,7213.43,next_choch,452,2024-09-30 09:20:00,1,297.8,-4.7,24.35,0
10323,2021-11-12 12:33:00,up,12,REJECT,WATCH,WATCH,none,none,none,11.0,128.2,7326.29,next_choch,326,2021-11-15 11:44:00,1,421.95,-1.35,16.05,0
95542,2022-10-21 15:07:00,up,15,PENDING,WATCH,WATCH,none,none,none,2.0,127.7,7301.11,next_choch,149,2022-10-25 11:21:00,1,229.6,-11.15,31.05,0
65172,2022-06-24 15:12:00,up,15,ACCEPTED,TAKE,TAKE,none,defend,none,5.0,127.65,7329.44,next_choch,167,2022-06-27 11:44:00,1,216.05,-4.35,13.3,1
234840,2024-04-29 10:07:00,up,10,LEAVE,TAKE,TAKE,none,leave,none,,127.3,7188.78,next_choch,668,2024-04-30 15:00:00,1,243.05,-7.95,42.45,1
13014,2021-11-24 13:39:00,down,13,PENDING,BLOCK,BLOCK,new,none,none,6.0,126.8,7244.46,next_choch,228,2021-11-25 11:12:00,1,259.0,-6.5,24.5,0
48903,2022-04-19 14:24:00,down,14,LEAVE,BLOCK,BLOCK,new,none,leave_vol_fail,6.0,123.6,7041.86,next_choch,88,2022-04-20 09:37:00,1,420.05,-15.55,20.65,0
381989,2025-12-29 09:53:00,down,09,LEAVE,TAKE,TAKE,none,leave,none,,122.2,6800.04,next_choch,678,2025-12-30 14:56:00,1,199.2,-7.1,20.7,1
9734,2021-11-10 15:14:00,down,15,LEAVE,BLOCK,BLOCK,hunt_fade,none,none,,121.0,6859.93,next_choch,376,2021-11-11 15:15:00,1,211.9,-10.65,23.95,0
238146,2024-05-10 15:13:00,down,15,PENDING,WATCH,WATCH,none,none,none,7.0,120.35,6747.35,next_choch,138,2024-05-13 11:16:00,1,230.35,-11.65,35.0,0
358229,2025-09-23 14:54:00,down,14,LEAVE,WATCH,WATCH,leave_into_recycle,none,leave_into_recycle,7.0,119.0,6605.88,next_choch,232,2025-09-24 12:31:00,1,190.8,-12.2,20.0,0
214522,2024-02-06 10:45:00,up,10,LEAVE,BLOCK,BLOCK,new,none,leave_vol_fail,,118.8,6648.93,next_choch,399,2024-02-07 11:09:00,1,230.55,-10.6,28.5,0
117574,2023-01-17 13:34:00,up,13,THIN,WATCH,WATCH,none,none,none,8.0,117.65,6640.25,next_choch,498,2023-01-19 09:22:00,1,211.0,-4.5,40.6,0
54875,2022-05-13 14:01:00,down,14,LEAVE,WATCH,WATCH,leave_into_recycle,none,leave_into_recycle,5.0,117.1,6640.64,next_choch,105,2022-05-16 09:31:00,1,274.75,-13.15,36.75,0
125100,2023-02-15 14:00:00,up,14,LEAVE,BLOCK,BLOCK,new,none,leave_vol_fail,,116.6,6573.04,next_choch,401,2023-02-16 14:26:00,1,196.05,-1.95,5.9,0
152528,2023-06-06 15:00:00,up,15,THIN,WATCH,WATCH,none,none,none,16.0,115.0,6457.27,next_choch,604,2023-06-08 12:34:00,1,198.5,-1.7,14.0,0
351053,2025-08-26 14:03:00,down,14,LEAVE,BLOCK,BLOCK,new,none,leave_vol_fail,,114.7,6334.37,next_choch,197,2025-08-28 11:05:00,1,281.0,-7.7,9.7,0
67395,2022-07-04 14:45:00,up,14,PENDING,WATCH,WATCH,none,none,none,3.0,113.6,6415.07,next_choch,315,2022-07-05 13:45:00,1,222.9,-0.95,20.4,0
347225,2025-08-11 12:45:00,up,12,LEAVE,TAKE,TAKE,none,leave,none,,113.5,6259.0,next_choch,254,2025-08-12 10:44:00,1,229.0,-6.5,29.3,1
116725,2023-01-13 11:55:00,up,11,PENDING,WATCH,WATCH,none,none,none,1.0,113.1,6346.39,next_choch,234,2023-01-16 09:34:00,1,189.7,-13.1,18.5,0
15004,2021-12-02 09:19:00,up,<09:25,PENDING,WATCH,WATCH,none,none,none,2.0,111.95,6282.98,next_choch,571,2021-12-03 12:35:00,1,269.9,-25.1,75.1,0
378910,2025-12-15 14:49:00,down,14,LEAVE,WATCH,WATCH,none,none,leave_against,8.0,111.2,6084.41,next_choch,316,2025-12-16 13:50:00,1,162.3,-8.3,17.8,0
98832,2022-11-07 13:42:00,up,13,LEAVE,BLOCK,BLOCK,new,none,leave_vol_fail,,109.9,6134.36,next_choch,211,2022-11-09 10:58:00,1,230.15,-3.1,11.25,0
156983,2023-06-22 14:15:00,down,14,THIN,REENTER,REENTER,none,watch,none,13.0,108.25,6016.45,next_choch,292,2023-06-23 12:52:00,1,187.8,0.0,8.6,1
354508,2025-09-09 15:23:00,up,>=15:20,LEAVE,BLOCK,BLOCK,clock,none,none,,107.9,5887.89,next_choch,245,2025-09-10 13:13:00,1,170.0,-3.8,11.9,0
90691,2022-10-04 09:16:00,up,<09:25,PENDING,WATCH,WATCH,none,none,none,2.0,107.75,6011.45,next_choch,763,2022-10-07 09:29:00,1,281.45,0.0,275.15,0
115446,2023-01-10 09:21:00,down,<09:25,LEAVE,BLOCK,BLOCK,open_pierce,none,none,2.0,107.7,5993.61,next_choch,423,2023-01-11 10:09:00,1,232.75,-4.6,16.0,0
170925,2023-08-16 15:23:00,down,>=15:20,PENDING,BLOCK,BLOCK,clock,none,none,3.0,107.5,5957.44,next_choch,695,2023-08-18 14:28:00,1,202.4,-1.65,9.5,0
144314,2023-05-08 09:16:00,up,<09:25,LEAVE,BLOCK,BLOCK,new,none,leave_gap_quiet,3.0,107.3,5964.7,next_choch,683,2023-05-09 14:24:00,1,201.8,-3.7,64.8,0
346175,2025-08-06 14:00:00,down,14,LEAVE,BLOCK,BLOCK,new,none,leave_vol_fail,21.0,107.2,5849.34,next_choch,409,2025-08-07 14:34:00,1,248.0,-10.8,37.0,0
39659,2022-03-08 10:20:00,down,10,THIN,WATCH,WATCH,none,none,none,2.0,106.85,5976.66,next_choch,129,2022-03-08 12:29:00,0,182.15,-33.55,37.9,0
344367,2025-07-30 15:04:00,down,15,THIN,WATCH,WATCH,none,none,none,3.0,106.5,5800.12,next_choch,136,2025-07-31 11:05:00,1,248.7,-2.7,11.2,0
110355,2022-12-21 12:00:00,down,12,PENDING,WATCH,WATCH,none,none,none,4.0,106.3,5897.57,next_choch,154,2022-12-21 14:34:00,0,194.7,-2.0,30.75,0
124273,2023-02-13 12:43:00,up,12,LEAVE,TAKE,TAKE,none,leave,none,,105.4,5848.29,next_choch,561,2023-02-15 09:34:00,1,196.65,-11.65,15.25,1
110971,2022-12-23 09:46:00,down,09,PENDING,WATCH,WATCH,none,none,none,1.0,104.9,5812.38,next_choch,364,2022-12-26 09:35:00,1,246.8,-8.15,37.0,0
85513,2022-09-14 10:28:00,up,10,PENDING,BLOCK,BLOCK,new,none,none,2.0,104.5,5787.25,next_choch,337,2022-09-15 09:50:00,1,187.35,-1.75,10.4,0
366236,2025-10-28 09:50:00,down,09,LEAVE,BLOCK,BLOCK,new,none,leave_vol_fail,,104.5,5650.35,next_choch,171,2025-10-28 12:41:00,0,194.3,-19.2,30.7,0
113960,2023-01-04 09:35:00,down,09,PENDING,WATCH,WATCH,none,none,none,9.0,104.4,5776.54,next_choch,257,2023-01-04 13:52:00,0,185.7,0.0,30.2,0
60894,2022-06-08 12:39:00,down,12,LEAVE,TAKE,TAKE,none,leave,none,,104.4,5807.27,next_choch,245,2022-06-09 10:29:00,1,208.4,-17.95,21.0,1
95107,2022-10-20 14:07:00,up,14,LEAVE,WATCH,WATCH,none,none,leave_vol_fail,10.0,103.95,5759.15,next_choch,359,2022-10-21 13:51:00,1,190.05,-9.05,32.6,0
59871,2022-06-03 14:21:00,down,14,PENDING,BLOCK,BLOCK,new,none,none,2.0,103.65,5755.32,next_choch,268,2022-06-06 12:34:00,1,203.65,-7.35,54.35,0
309724,2025-02-13 12:41:00,down,12,PENDING,WATCH,WATCH,none,none,none,2.0,103.05,5603.59,next_choch,217,2025-02-14 10:03:00,1,166.4,-26.05,32.65,0
236702,2024-05-07 09:54:00,down,09,LEAVE,TAKE,TAKE,none,leave,none,5.0,102.55,5583.76,next_choch,228,2024-05-07 13:42:00,0,199.9,-12.7,56.35,1
83916,2022-09-07 15:06:00,up,15,LEAVE,BLOCK,BLOCK,new,none,leave_vol_fail,,100.9,5558.07,next_choch,155,2022-09-08 11:26:00,1,169.45,-12.1,20.3,0
99308,2022-11-09 15:23:00,down,>=15:20,LEAVE,BLOCK,BLOCK,clock,none,none,2.0,100.55,5527.46,next_choch,369,2022-11-10 15:17:00,1,173.95,-3.1,12.5,0
107252,2022-12-09 10:17:00,down,10,LEAVE,TAKE,TAKE,none,leave,none,,99.15,5427.89,next_choch,360,2022-12-12 10:02:00,1,248.9,-11.85,20.75,1
225413,2024-03-19 09:15:00,down,<09:25,PENDING,BLOCK,BLOCK,open_pierce,none,none,7.0,98.75,5344.51,next_choch,401,2024-03-20 09:41:00,1,190.45,-9.75,77.25,0
379751,2025-12-18 10:05:00,up,10,PENDING,WATCH,WATCH,none,none,none,1.0,97.2,5177.66,next_choch,232,2025-12-18 13:57:00,0,155.0,-4.0,11.1,0
311207,2025-02-19 12:24:00,down,12,PENDING,WATCH,WATCH,none,none,none,2.0,96.3,5168.45,next_choch,308,2025-02-20 11:17:00,1,184.55,-8.55,20.7,0
360240,2025-10-01 10:55:00,up,10,LEAVE,BLOCK,BLOCK,new,none,leave_vol_fail,,96.1,5123.76,next_choch,123,2025-10-01 12:58:00,0,160.7,-4.3,12.3,0
110084,2022-12-20 13:44:00,up,13,LEAVE,WATCH,WATCH,leave_into_recycle,none,leave_into_recycle,6.0,95.85,5218.37,next_choch,152,2022-12-21 10:01:00,1,197.4,-20.5,35.35,0
167711,2023-08-03 11:49:00,down,11,LEAVE,TAKE,TAKE,none,leave,none,,95.0,5143.67,next_choch,190,2023-08-03 14:59:00,0,160.0,-6.95,15.65,1
134460,2023-03-23 13:47:00,down,13,LEAVE,TAKE,TAKE,none,leave,none,,94.55,5154.65,next_choch,263,2023-03-24 11:55:00,1,188.1,-0.3,11.0,1
262155,2024-08-13 13:36:00,down,13,PENDING,WATCH,WATCH,none,none,none,1.0,93.9,4991.68,next_choch,114,2024-08-14 09:15:00,1,129.6,-13.05,26.75,0
101533,2022-11-17 14:58:00,down,14,PENDING,WATCH,WATCH,none,none,none,15.0,93.55,5068.48,next_choch,377,2022-11-18 15:00:00,1,179.05,-9.8,13.4,0
172518,2023-08-23 10:41:00,up,10,LEAVE,WATCH,WATCH,none,none,leave_vol_fail,9.0,93.0,5015.07,next_choch,514,2023-08-24 13:00:00,1,200.0,-11.45,11.95,0
350766,2025-08-26 09:16:00,down,<09:25,LEAVE,WATCH,WATCH,none,none,leave_gap_quiet,2.0,93.0,4922.14,next_choch,110,2025-08-26 11:06:00,0,135.0,0.0,98.0,0
184433,2023-10-10 09:16:00,up,<09:25,PENDING,BLOCK,BLOCK,open_pierce,none,none,4.0,92.85,5000.84,next_choch,1141,2023-10-13 09:32:00,1,247.3,-18.0,114.7,0
207611,2024-01-09 14:19:00,down,14,LEAVE,WATCH,WATCH,leave_into_recycle,none,leave_into_recycle,2.0,91.75,4895.73,next_choch,371,2024-01-10 14:15:00,1,193.3,-5.45,35.6,0
244181,2024-06-04 14:02:00,down,14,NEW,BLOCK,BLOCK,new,none,none,,91.5,4871.07,next_choch,88,2024-06-05 09:15:00,1,449.05,-12.0,100.05,0
238611,2024-05-14 10:28:00,up,10,THIN,WATCH,WATCH,none,none,none,5.0,90.85,4826.85,next_choch,348,2024-05-15 10:01:00,1,164.15,-7.7,30.0,0
84227,2022-09-08 14:02:00,up,14,LEAVE,WATCH,WATCH,none,none,leave_vol_fail,8.0,90.8,4899.74,next_choch,278,2022-09-09 12:25:00,1,190.45,-2.45,14.7,0
64757,2022-06-23 14:32:00,up,14,LEAVE,TAKE,TAKE,none,leave,none,,90.45,4914.82,next_choch,216,2022-06-24 11:53:00,1,199.6,-17.25,65.4,1
96294,2022-10-27 15:09:00,up,15,LEAVE,TAKE,TAKE,none,leave,none,,88.9,4776.87,next_choch,171,2022-10-28 11:45:00,1,162.95,-2.15,26.95,1
954,2021-10-05 12:39:00,up,12,LEAVE,BLOCK,BLOCK,new,none,leave_vol_fail,,88.5,4751.33,next_choch,246,2021-10-06 10:30:00,1,166.45,0.0,8.5,0
59550,2022-06-02 15:15:00,up,15,PENDING,BLOCK,BLOCK,hunt_fade,none,none,4.0,86.95,4668.81,next_choch,211,2022-06-03 12:31:00,1,157.0,-11.0,27.6,0
273490,2024-09-25 15:01:00,up,15,PENDING,WATCH,WATCH,none,none,none,9.0,85.95,4443.95,next_choch,323,2024-09-26 14:09:00,1,154.25,-5.4,35.45,0
8401,2021-11-03 11:46:00,down,11,PENDING,WATCH,WATCH,none,none,none,4.0,85.9,4579.25,next_choch,128,2021-11-03 13:54:00,0,164.0,-4.35,21.5,0
37710,2022-02-25 15:21:00,down,>=15:20,PENDING,BLOCK,BLOCK,clock,none,none,3.0,82.85,4403.53,next_choch,101,2022-02-28 10:47:00,1,281.15,-22.0,33.85,0
375227,2025-12-02 09:41:00,down,09,LEAVE,BLOCK,BLOCK,new,none,leave_vol_fail,1.0,82.3,4203.31,next_choch,776,2025-12-04 10:07:00,1,213.3,-10.8,30.1,0
14357,2021-11-30 11:02:00,down,11,LEAVE,TAKE,TAKE,none,leave,none,,81.85,4328.74,next_choch,149,2021-11-30 13:31:00,0,220.0,-15.0,37.4,1
261597,2024-08-12 10:33:00,up,10,LEAVE,TAKE,TAKE,none,leave,none,,79.8,4072.02,next_choch,110,2024-08-12 12:23:00,0,172.65,-12.35,22.35,1
141117,2023-04-24 12:14:00,up,12,THIN,WATCH,WATCH,none,none,none,5.0,79.0,4134.59,next_choch,583,2023-04-26 09:27:00,1,161.85,-7.7,12.85,0
193445,2023-11-15 09:28:00,up,09,LEAVE,BLOCK,BLOCK,new,none,leave_vol_fail,,79.0,4099.74,next_choch,1122,2023-11-20 09:25:00,1,236.0,-9.3,210.15,0
302097,2025-01-17 10:34:00,down,10,LEAVE,BLOCK,BLOCK,new,none,leave_against,2.0,79.0,4039.49,next_choch,69,2025-01-17 11:43:00,0,148.9,-1.0,27.9,0
112428,2022-12-28 15:18:00,down,15,LEAVE,BLOCK,BLOCK,new,none,leave_vol_fail,,78.5,4095.63,next_choch,168,2022-12-29 11:51:00,1,132.4,-4.6,31.5,0
353612,2025-09-05 12:57:00,up,12,PENDING,WATCH,WATCH,none,none,none,1.0,78.4,3974.35,next_choch,125,2025-09-05 15:02:00,0,150.4,-18.6,23.6,0
49295,2022-04-20 14:41:00,up,14,PENDING,BLOCK,BLOCK,hunt_fade,none,none,2.0,78.4,4104.3,next_choch,444,2022-04-22 09:35:00,1,286.8,-38.8,63.5,0
68496,2022-07-07 14:21:00,up,14,THIN,WATCH,WATCH,none,none,none,2.0,77.65,4073.84,next_choch,386,2022-07-08 14:32:00,1,166.05,-5.95,41.95,0
6218,2021-10-26 12:53:00,up,12,LEAVE,TAKE,TAKE,none,leave,none,,76.95,3992.8,next_choch,472,2021-10-27 14:30:00,1,188.25,-5.1,15.75,1
57123,2022-05-23 13:59:00,down,13,LEAVE,TAKE,TAKE,none,leave,none,,76.75,4012.85,next_choch,99,2022-05-24 09:23:00,1,156.75,0.0,44.85,1
243173,2024-05-31 09:44:00,down,09,ACCEPTED,WATCH,WATCH,none,none,accepted_no_defend,2.0,76.4,3880.03,next_choch,201,2024-05-31 13:05:00,0,130.95,-4.0,17.05,0
381572,2025-12-24 15:26:00,down,>=15:20,ACCEPTED,BLOCK,BLOCK,clock,none,none,6.0,76.0,3795.39,next_choch,408,2025-12-29 09:44:00,1,127.2,-3.0,10.1,0
377525,2025-12-10 10:29:00,down,10,LEAVE,WATCH,WATCH,none,none,leave_vol_fail,2.0,76.0,3797.68,next_choch,187,2025-12-10 13:36:00,0,165.0,-13.0,26.0,0
303436,2025-01-22 14:08:00,up,14,PENDING,BLOCK,BLOCK,hunt_fade,none,none,4.0,75.45,3811.24,next_choch,94,2025-01-23 09:27:00,1,141.45,0.0,27.0,0
217417,2024-02-15 15:15:00,up,15,LEAVE,BLOCK,BLOCK,new,none,leave_vol_fail,,75.35,3823.17,next_choch,425,2024-02-19 09:50:00,1,145.25,0.0,15.65,0
234307,2024-04-25 13:44:00,up,13,PENDING,WATCH,WATCH,none,none,none,5.0,75.2,3804.86,next_choch,103,2024-04-25 15:27:00,0,147.05,-4.25,39.45,0
2275,2021-10-11 09:40:00,up,09,LEAVE,BLOCK,BLOCK,new,none,leave_vol_fail,,75.2,3883.0,next_choch,300,2021-10-11 14:40:00,0,127.0,-2.55,13.6,0
93590,2022-10-14 13:50:00,down,13,LEAVE,BLOCK,BLOCK,hunt_fade,none,none,,74.7,3862.78,next_choch,155,2022-10-17 10:10:00,1,189.85,-0.15,13.65,0
80011,2022-08-23 12:31:00,up,12,PENDING,WATCH,WATCH,none,none,none,1.0,74.25,3828.94,next_choch,139,2022-08-23 14:50:00,0,134.25,-8.75,33.25,0
219206,2024-02-22 13:49:00,up,13,LEAVE,WATCH,WATCH,none,none,leave_vol_fail,2.0,74.25,3749.95,next_choch,476,2024-02-26 09:15:00,1,223.55,-7.25,26.25,0
293183,2024-12-13 11:59:00,up,11,LEAVE,TAKE,TAKE,none,leave,none,,73.75,3674.59,next_choch,330,2024-12-16 11:14:00,1,262.0,-56.0,100.7,1
346586,2025-08-07 14:36:00,up,14,NEW,BLOCK,BLOCK,new,none,none,,73.0,3626.62,next_choch,61,2025-08-08 09:22:00,1,159.0,-2.0,23.8,0
133625,2023-03-21 12:22:00,up,12,LEAVE,BLOCK,BLOCK,new,none,leave_vol_fail,,72.15,3699.22,next_choch,271,2023-03-22 10:38:00,1,148.85,-9.05,22.15,0
169000,2023-08-08 14:33:00,down,14,FIRST_PRINT,WATCH,WATCH,none,none,first_print_against,1.0,72.1,3653.61,next_choch,317,2023-08-09 13:35:00,1,124.55,-8.7,11.85,0
290545,2024-12-04 11:46:00,down,11,PENDING,WATCH,WATCH,none,none,none,4.0,72.1,3568.35,next_choch,22,2024-12-04 12:08:00,0,178.2,-5.8,13.65,0
126695,2023-02-22 09:20:00,down,<09:25,NEW,BLOCK,BLOCK,new,none,none,,71.9,3673.02,next_choch,745,2023-02-24 09:15:00,1,281.7,-15.7,115.1,0
146883,2023-05-16 14:40:00,down,14,ACCEPTED,WATCH,WATCH,none,none,defend_wrong_half,5.0,71.85,3658.92,next_choch,430,2023-05-18 09:20:00,1,219.2,-8.85,9.05,0
371047,2025-11-14 15:01:00,up,15,PENDING,WATCH,WATCH,none,none,none,2.0,70.9,3467.16,next_choch,404,2025-11-18 09:15:00,1,176.9,-5.8,61.5,0
38651,2022-03-03 12:17:00,down,12,LEAVE,WATCH,WATCH,leave_into_recycle,none,leave_into_recycle,8.0,70.55,3604.52,next_choch,87,2022-03-03 13:44:00,0,145.45,-5.8,47.55,0
52013,2022-05-04 10:04:00,down,10,LEAVE,BLOCK,BLOCK,new,none,leave_vol_fail,2.0,70.55,3597.25,next_choch,81,2022-05-04 11:25:00,0,116.35,-10.5,34.4,0
315886,2025-03-10 15:23:00,down,>=15:20,FIRST_PRINT,BLOCK,BLOCK,clock,none,none,1.0,70.2,3480.93,next_choch,40,2025-03-11 09:48:00,1,150.2,-2.8,9.8,0
90286,2022-09-30 15:01:00,down,15,PENDING,BLOCK,BLOCK,new,none,none,1.0,70.0,3560.26,next_choch,164,2022-10-03 11:30:00,1,183.55,-23.4,29.4,0
206183,2024-01-04 09:16:00,up,<09:25,PENDING,BLOCK,BLOCK,open_pierce,none,none,2.0,70.0,3481.15,next_choch,521,2024-01-05 11:42:00,1,162.0,-5.2,89.55,0
174303,2023-08-29 15:26:00,up,>=15:20,REJECT,BLOCK,BLOCK,clock,none,none,9.0,69.9,3514.41,next_choch,217,2023-08-30 12:48:00,1,98.9,-0.05,3.85,0
237158,2024-05-08 11:15:00,up,11,THIN,WATCH,WATCH,none,none,none,5.0,69.5,3437.1,next_choch,141,2024-05-08 13:36:00,0,144.95,-6.15,18.55,0
4925,2021-10-21 10:05:00,down,10,LEAVE,BLOCK,BLOCK,new,none,leave_vol_fail,,69.45,3504.62,next_choch,95,2021-10-21 11:40:00,0,146.35,0.0,20.1,0
299602,2025-01-08 12:44:00,up,12,REJECT,WATCH,WATCH,none,none,none,1.0,68.95,3379.49,next_choch,175,2025-01-09 09:24:00,1,215.1,-18.05,18.8,0
307209,2025-02-04 14:31:00,up,14,PENDING,WATCH,WATCH,none,none,none,1.0,68.75,3364.69,next_choch,404,2025-02-05 15:00:00,1,123.75,-13.35,42.35,0
2593,2021-10-11 14:58:00,down,14,LEAVE,WATCH,WATCH,none,none,leave_vol_fail,3.0,68.65,3457.31,next_choch,254,2021-10-12 12:57:00,1,140.4,-4.5,14.0,0
303997,2025-01-24 10:59:00,up,10,PENDING,WATCH,WATCH,none,none,none,1.0,68.35,3346.99,next_choch,95,2025-01-24 12:34:00,0,131.65,-10.6,23.15,0
187033,2023-10-18 15:06:00,down,15,LEAVE,TAKE,TAKE,none,leave,none,,68.35,3408.85,next_choch,163,2023-10-19 11:34:00,1,166.15,-1.0,12.5,1
217861,2024-02-19 10:09:00,up,10,LEAVE,BLOCK,BLOCK,new,none,leave_vol_fail,,68.3,3363.14,next_choch,294,2024-02-19 15:03:00,0,150.35,-11.6,54.6,0
108256,2022-12-13 14:31:00,up,14,THIN,WATCH,WATCH,none,none,none,2.0,68.1,3408.77,next_choch,330,2022-12-14 13:46:00,1,124.65,-12.8,25.8,0
362082,2025-10-09 10:22:00,up,10,LEAVE,BLOCK,BLOCK,hunt_fade,none,none,2.0,68.0,3291.31,next_choch,237,2025-10-09 14:19:00,0,122.0,-8.0,25.5,0
346651,2025-08-08 09:26:00,down,09,NEW,BLOCK,BLOCK,new,none,none,,68.0,3301.83,next_choch,208,2025-08-08 12:54:00,0,142.0,-2.9,18.0,0
300432,2025-01-10 14:04:00,down,14,LEAVE,WATCH,WATCH,none,none,leave_vol_fail,2.0,67.4,3280.82,next_choch,68,2025-01-10 15:12:00,0,106.15,-11.8,29.85,0
313465,2025-02-28 12:32:00,down,12,PENDING,WATCH,WATCH,none,none,none,2.0,67.25,3291.86,next_choch,158,2025-02-28 15:10:00,0,120.95,-4.2,30.4,0
222239,2024-03-05 12:36:00,up,12,LEAVE,BLOCK,BLOCK,new,none,leave_against,,66.85,3263.91,next_choch,42,2024-03-05 13:18:00,0,113.05,0.0,11.45,0
69307,2022-07-11 15:22:00,down,>=15:20,LEAVE,BLOCK,BLOCK,clock,none,none,,66.85,3371.23,next_choch,52,2022-07-12 09:59:00,1,103.35,-1.1,10.9,0
51918,2022-05-02 14:44:00,up,14,LEAVE,BLOCK,BLOCK,hunt_fade,none,none,,65.8,3287.92,next_choch,57,2022-05-04 09:26:00,1,127.8,-1.9,21.9,0
180836,2023-09-25 11:49:00,up,11,THIN,WATCH,WATCH,none,none,none,3.0,65.5,3223.09,next_choch,118,2023-09-25 13:47:00,0,103.25,-4.25,5.75,0
11672,2021-11-18 10:02:00,down,10,LEAVE,TAKE,TAKE,none,leave,none,,64.9,3216.27,next_choch,205,2021-11-18 13:27:00,0,152.1,-8.45,37.8,1
195615,2023-11-22 14:23:00,up,14,PENDING,WATCH,WATCH,none,none,none,3.0,64.8,3175.0,next_choch,107,2023-11-23 09:55:00,1,109.6,-0.8,14.45,0
28349,2022-01-20 12:59:00,down,12,PENDING,WATCH,WATCH,none,none,none,2.0,64.55,3193.66,next_choch,120,2022-01-20 14:59:00,0,141.25,0.0,17.8,0
308287,2025-02-07 13:44:00,down,13,LEAVE,BLOCK,BLOCK,new,none,leave_vol_fail,,64.55,3094.23,next_choch,76,2025-02-07 15:00:00,0,127.15,-5.75,16.85,0
54655,2022-05-13 10:21:00,up,10,LEAVE,TAKE,TAKE,none,leave,none,2.0,64.4,3215.08,next_choch,138,2022-05-13 12:39:00,0,119.5,-3.5,59.5,1
110936,2022-12-22 15:26:00,down,>=15:20,ACCEPTED,BLOCK,BLOCK,clock,none,none,4.0,64.05,3155.55,next_choch,29,2022-12-23 09:40:00,1,128.5,-0.65,6.95,0
154052,2023-06-12 15:24:00,up,>=15:20,ACCEPTED,BLOCK,BLOCK,clock,none,none,13.0,63.75,3126.03,next_choch,298,2023-06-13 14:07:00,1,97.05,-1.7,9.65,0
94408,2022-10-18 14:58:00,up,14,PENDING,WATCH,WATCH,none,none,none,1.0,63.3,3117.39,next_choch,190,2022-10-19 11:53:00,1,117.8,-5.0,21.55,0
87928,2022-09-22 13:13:00,up,13,LEAVE,TAKE,TAKE,none,leave,none,,63.25,3111.8,next_choch,96,2022-09-22 14:49:00,0,129.4,-7.6,23.0,1
114868,2023-01-06 12:13:00,down,12,PENDING,BLOCK,BLOCK,new,none,none,2.0,63.05,3093.38,next_choch,107,2023-01-06 14:00:00,0,126.05,-7.85,27.05,0
190772,2023-11-02 14:55:00,up,14,RECYCLE,WATCH,WATCH,none,none,none,4.0,63.0,3068.12,next_choch,372,2023-11-03 14:52:00,1,141.15,-1.9,13.8,0
192680,2023-11-09 15:28:00,down,>=15:20,NEW,BLOCK,BLOCK,clock,none,none,,62.75,3048.63,next_choch,65,2023-11-10 10:18:00,1,91.15,-6.15,16.8,0
155184,2023-06-16 09:16:00,up,<09:25,PENDING,BLOCK,BLOCK,open_pierce,none,none,2.0,62.7,3055.87,next_choch,445,2023-06-19 10:26:00,1,156.1,-4.3,59.3,0
107992,2022-12-13 10:07:00,up,10,LEAVE,WATCH,WATCH,none,none,leave_vol_fail,2.0,62.65,3055.84,next_choch,248,2022-12-13 14:15:00,0,104.65,-3.85,13.7,0
87626,2022-09-21 14:26:00,down,14,PENDING,WATCH,WATCH,none,none,none,3.0,62.65,3071.41,next_choch,86,2022-09-22 09:37:00,1,161.85,-12.65,14.65,0
300156,2025-01-10 09:28:00,down,09,PENDING,BLOCK,BLOCK,new,none,none,3.0,62.55,2965.04,next_choch,85,2025-01-10 10:53:00,0,170.6,-4.4,59.4,0
5188,2021-10-21 14:28:00,up,14,PENDING,BLOCK,BLOCK,new,none,none,2.0,62.4,3047.68,next_choch,198,2021-10-22 11:31:00,1,180.5,-13.25,60.0,0
215270,2024-02-08 10:43:00,down,10,LEAVE,WATCH,WATCH,leave_into_recycle,none,leave_into_recycle,3.0,62.35,2980.02,next_choch,89,2024-02-08 12:12:00,0,154.8,-20.45,75.5,0
14251,2021-11-30 09:16:00,up,<09:25,NEW,BLOCK,BLOCK,open_pierce,none,none,,62.1,3044.84,next_choch,104,2021-11-30 11:00:00,0,183.0,-3.8,80.25,0
133409,2023-03-20 15:01:00,up,15,LEAVE,TAKE,TAKE,none,leave,none,,61.5,3008.74,next_choch,67,2023-03-21 09:53:00,1,135.05,0.0,37.95,1
98503,2022-11-04 14:28:00,up,14,NEW,BLOCK,BLOCK,new,none,none,,61.2,2969.59,next_choch,97,2022-11-07 09:50:00,1,164.6,-7.95,26.9,0
114443,2023-01-05 11:23:00,down,11,PENDING,WATCH,WATCH,none,none,none,4.0,61.15,2968.23,next_choch,194,2023-01-05 14:37:00,0,130.05,-3.95,24.95,0
351299,2025-08-28 11:54:00,down,11,PENDING,WATCH,WATCH,none,none,none,3.0,60.9,2840.01,next_choch,148,2025-08-28 14:22:00,0,106.7,-5.7,30.7,0
122854,2023-02-07 14:04:00,up,14,PENDING,BLOCK,BLOCK,new,none,none,1.0,60.9,2956.23,next_choch,480,2023-02-09 09:34:00,1,154.15,-23.1,30.2,0
358083,2025-09-23 12:28:00,up,12,THIN,WATCH,WATCH,none,none,none,3.0,60.0,2770.46,next_choch,114,2025-09-23 14:22:00,0,108.2,-0.9,20.9,0
296893,2024-12-30 11:20:00,up,11,PENDING,WATCH,WATCH,none,none,none,3.0,60.0,2792.16,next_choch,61,2024-12-30 12:21:00,0,121.15,-4.5,12.9,0
232272,2024-04-18 11:04:00,up,11,LEAVE,WATCH,WATCH,leave_into_recycle,none,leave_into_recycle,3.0,59.9,2815.23,next_choch,26,2024-04-18 11:30:00,0,81.5,0.0,21.75,0
109816,2022-12-20 09:16:00,down,<09:25,PENDING,BLOCK,BLOCK,open_pierce,none,none,1.0,59.75,2872.41,next_choch,196,2022-12-20 12:32:00,0,144.05,-6.75,123.95,0
206884,2024-01-05 14:42:00,up,14,LEAVE,WATCH,WATCH,leave_into_recycle,none,leave_into_recycle,8.0,59.55,2801.14,next_choch,48,2024-01-08 09:15:00,1,95.5,0.0,14.15,0
33104,2022-02-09 13:20:00,up,13,LEAVE,BLOCK,BLOCK,new,none,leave_against,7.0,59.35,2861.83,next_choch,157,2022-02-10 09:42:00,1,129.7,-12.65,34.2,0
212984,2024-01-31 10:07:00,up,10,PENDING,BLOCK,BLOCK,new,none,none,2.0,57.25,2651.85,next_choch,153,2024-01-31 12:40:00,0,122.6,-12.1,60.1,0
122076,2023-02-03 13:36:00,up,13,PENDING,WATCH,WATCH,none,none,none,4.0,57.05,2706.24,next_choch,118,2023-02-06 09:19:00,1,154.0,-6.5,34.0,0
233237,2024-04-22 14:39:00,up,14,LEAVE,BLOCK,BLOCK,new,none,leave_vol_fail,,56.9,2619.17,next_choch,145,2024-04-23 10:49:00,1,123.5,-2.4,24.65,0
211561,2024-01-24 11:24:00,down,11,LEAVE,TAKE,TAKE,none,leave,none,7.0,56.6,2616.25,next_choch,30,2024-01-24 11:54:00,0,138.85,-11.9,39.15,1
169327,2023-08-09 13:45:00,up,13,THIN,WATCH,WATCH,none,none,none,6.0,56.55,2642.98,next_choch,108,2023-08-10 09:18:00,1,130.65,-7.95,11.15,0
1869,2021-10-07 15:24:00,up,>=15:20,RECYCLE,BLOCK,BLOCK,clock,none,none,13.0,56.55,2673.01,next_choch,182,2021-10-08 12:11:00,1,124.1,-1.85,14.65,0
260465,2024-08-07 10:26:00,up,10,LEAVE,BLOCK,BLOCK,hunt_fade,none,none,,56.3,2546.07,next_choch,28,2024-08-07 10:54:00,0,110.5,-9.45,38.05,0
373235,2025-11-24 13:59:00,down,13,REJECT,WATCH,WATCH,none,none,none,6.0,56.3,2516.27,next_choch,168,2025-11-25 10:32:00,1,145.1,-5.0,14.0,0
351892,2025-09-01 09:17:00,up,<09:25,LEAVE,BLOCK,BLOCK,new,none,leave_gap_quiet,,56.1,2526.84,next_choch,657,2025-09-02 13:59:00,1,223.8,-20.9,92.1,0
268963,2024-09-09 14:34:00,up,14,NEW,BLOCK,BLOCK,new,none,none,,56.0,2515.45,next_choch,81,2024-09-10 09:40:00,1,106.3,-2.0,20.9,0
186772,2023-10-18 10:45:00,down,10,LEAVE,WATCH,WATCH,leave_into_recycle,none,leave_into_recycle,2.0,55.4,2565.43,next_choch,206,2023-10-18 14:11:00,0,98.95,-3.65,43.5,0
70410,2022-07-14 15:00:00,up,15,PENDING,WATCH,WATCH,none,none,none,1.0,55.15,2614.44,next_choch,127,2022-07-15 10:52:00,1,112.2,-19.75,38.55,0
212868,2024-01-30 14:26:00,down,14,PENDING,BLOCK,BLOCK,new,none,none,4.0,55.05,2509.48,next_choch,83,2024-01-31 09:34:00,1,160.75,-9.95,36.5,0
363570,2025-10-15 10:10:00,up,10,PENDING,BLOCK,BLOCK,new,none,none,1.0,55.0,2443.69,next_choch,130,2025-10-15 12:20:00,0,99.0,-8.0,21.0,0
69887,2022-07-13 12:32:00,down,12,PENDING,WATCH,WATCH,none,none,none,2.0,55.0,2602.97,next_choch,115,2022-07-13 14:27:00,0,104.0,-9.5,25.85,0
291517,2024-12-06 15:28:00,down,>=15:20,THIN,BLOCK,BLOCK,clock,none,none,8.0,55.0,2454.18,next_choch,118,2024-12-09 11:11:00,1,123.3,-5.85,9.6,0
259879,2024-08-05 13:10:00,up,13,NEW,BLOCK,BLOCK,new,none,none,,55.0,2465.93,next_choch,116,2024-08-05 15:06:00,0,144.0,-9.2,32.45,0
360827,2025-10-03 14:27:00,up,14,THIN,WATCH,WATCH,none,none,none,4.0,54.6,2424.37,next_choch,53,2025-10-03 15:20:00,0,77.2,-2.6,17.8,0
67711,2022-07-05 13:46:00,down,13,LEAVE,WATCH,WATCH,leave_into_recycle,none,leave_into_recycle,3.0,54.6,2580.0,next_choch,109,2022-07-06 09:20:00,1,147.5,-1.45,29.85,0
301494,2025-01-15 13:01:00,down,13,PENDING,BLOCK,BLOCK,new,none,none,5.0,54.3,2434.19,next_choch,69,2025-01-15 14:10:00,0,82.4,-6.6,20.6,0
313821,2025-03-03 12:13:00,up,12,PENDING,BLOCK,BLOCK,new,none,none,3.0,54.25,2448.8,next_choch,105,2025-03-03 13:58:00,0,125.0,-4.0,20.0,0
189373,2023-10-30 10:21:00,up,10,LEAVE,BLOCK,BLOCK,hunt_fade,none,none,,54.2,2497.85,next_choch,341,2023-10-31 09:47:00,1,135.05,-9.8,18.15,0
133065,2023-03-20 09:17:00,down,<09:25,LEAVE,BLOCK,BLOCK,new,none,leave_gap_quiet,,54.15,2531.38,next_choch,319,2023-03-20 14:36:00,0,166.55,-12.45,160.5,0
92685,2022-10-12 11:15:00,up,11,LEAVE,WATCH,WATCH,none,none,leave_vol_fail,3.0,53.6,2495.35,next_choch,92,2022-10-12 12:47:00,0,103.9,-11.5,37.0,0
225173,2024-03-18 11:30:00,up,11,PENDING,WATCH,WATCH,none,none,none,1.0,53.4,2395.62,next_choch,230,2024-03-18 15:20:00,0,154.3,-14.0,21.0,0
365694,2025-10-24 13:18:00,down,13,NEW,BLOCK,BLOCK,new,none,none,,52.9,2299.49,next_choch,52,2025-10-24 14:10:00,0,102.7,-10.7,24.3,0
368502,2025-11-06 10:06:00,down,10,LEAVE,TAKE,TAKE,none,leave,none,,52.5,2275.34,next_choch,51,2025-11-06 10:57:00,0,98.5,-1.0,35.5,1
215163,2024-02-07 15:11:00,up,15,LEAVE,BLOCK,BLOCK,new,none,leave_against,1.0,52.25,2322.24,next_choch,50,2024-02-08 09:46:00,1,101.2,-1.25,12.35,0
83294,2022-09-06 10:59:00,up,10,LEAVE,WATCH,WATCH,none,none,leave_vol_fail,2.0,52.05,2383.42,next_choch,219,2022-09-06 14:38:00,0,101.85,-6.8,21.55,0
260500,2024-08-07 11:01:00,down,11,LEAVE,TAKE,TAKE,none,leave,none,,51.65,2243.94,next_choch,174,2024-08-07 13:55:00,0,125.55,-7.2,17.3,1
68005,2022-07-06 12:25:00,up,12,LEAVE,WATCH,WATCH,leave_into_recycle,none,leave_into_recycle,3.0,51.6,2384.47,next_choch,95,2022-07-06 14:00:00,0,120.15,-6.5,20.65,0
15843,2021-12-06 10:48:00,down,10,LEAVE,WATCH,WATCH,none,none,leave_vol_fail,2.0,51.3,2343.6,next_choch,134,2021-12-06 13:02:00,0,104.0,-5.0,27.4,0
300884,2025-01-13 15:21:00,up,>=15:20,LEAVE,BLOCK,BLOCK,clock,none,none,,51.25,2236.93,next_choch,33,2025-01-14 09:39:00,1,113.0,-9.6,12.0,0
171751,2023-08-21 10:24:00,up,10,PENDING,WATCH,WATCH,none,none,none,1.0,51.0,2286.41,next_choch,296,2023-08-21 15:20:00,0,100.0,-4.0,7.0,0
216346,2024-02-13 09:54:00,up,09,THIN,WATCH,WATCH,none,none,none,5.0,50.95,2242.51,next_choch,107,2024-02-13 11:41:00,0,119.1,-5.9,41.5,0
297584,2025-01-01 10:21:00,up,10,LEAVE,BLOCK,BLOCK,new,none,leave_vol_fail,,50.95,2206.93,next_choch,78,2025-01-01 11:39:00,0,131.75,-12.95,17.95,0
11982,2021-11-18 15:12:00,down,15,PENDING,BLOCK,BLOCK,new,none,none,3.0,50.45,2277.94,next_choch,18,2021-11-22 09:15:00,1,53.25,-16.8,18.6,0
187860,2023-10-23 10:08:00,down,10,LEAVE,TAKE,TAKE,none,leave,none,,50.4,2245.27,next_choch,111,2023-10-23 11:59:00,0,91.05,-0.95,18.9,1
220237,2024-02-27 12:15:00,up,12,PENDING,WATCH,WATCH,none,none,none,4.0,50.3,2192.89,next_choch,85,2024-02-27 13:40:00,0,82.85,-17.7,26.35,0
305408,2025-01-30 09:30:00,up,09,PENDING,WATCH,WATCH,none,none,none,6.0,50.3,2175.0,next_choch,126,2025-01-30 11:36:00,0,125.0,-20.25,32.6,0
367387,2025-10-31 10:16:00,down,10,LEAVE,BLOCK,BLOCK,new,none,leave_vol_fail,2.0,50.0,2108.0,next_choch,97,2025-10-31 11:53:00,0,103.2,-12.3,32.0,0
