take_why,n,kept,kept_share,net,mean_net,win_rate,pts,mean_pts,winners,big,huge,kept_net,skipped_net,kept_mean,skipped_mean,kept_win_rate,skipped_win_rate,big_skipped
accepted_no_defend,39,0,0.0,-42790.22,-1097.19,0.1026,-33.9,-0.87,4,1,0,0.0,-42790.22,,-1097.19,,0.1026,1
defend_opposite_in_visit,9,0,0.0,-12359.31,-1373.26,0.0,-47.35,-5.26,0,0,0,0.0,-12359.31,,-1373.26,,0.0,0
defend_wrong_half,9,0,0.0,-4353.62,-483.74,0.2222,73.4,8.16,2,1,0,0.0,-4353.62,,-483.74,,0.2222,1
first_print_against,58,0,0.0,-94999.99,-1637.93,0.069,-526.0,-9.07,4,2,1,0.0,-94999.99,,-1637.93,,0.069,2
leave_against,77,0,0.0,-64578.62,-838.68,0.2468,247.05,3.21,19,5,1,0.0,-64578.62,,-838.68,,0.2468,5
leave_gap_quiet,44,0,0.0,41667.95,947.0,0.25,1345.1,30.57,11,6,3,0.0,41667.95,,947.0,,0.25,6
leave_into_recycle,257,0,0.0,-216755.74,-843.41,0.1595,797.1,3.1,41,20,11,0.0,-216755.74,,-843.41,,0.1595,20
leave_vol_fail,654,1,0.0015,-682526.63,-1043.62,0.159,32.25,0.05,104,49,24,-2076.28,-680450.35,-2076.28,-1042.04,0.0,0.1593,49
none,3355,744,0.2218,-3073389.77,-916.06,0.1487,6831.4,2.04,499,210,106,-765187.5,-2308202.27,-1028.48,-884.03,0.164,0.1444,166
