read,n,kept,kept_share,net,mean_net,win_rate,pts,mean_pts,winners,big,huge,kept_net,skipped_net,kept_mean,skipped_mean,kept_win_rate,skipped_win_rate,big_skipped
ACCEPTED,150,78,0.52,-136122.1,-907.48,0.14,319.8,2.13,21,7,2,-58069.04,-78053.06,-744.47,-1084.07,0.1282,0.1528,5
FIRST_PRINT,127,59,0.4646,-172640.6,-1359.37,0.1181,-597.05,-4.7,15,5,3,-59607.2,-113033.4,-1010.29,-1662.26,0.1695,0.0735,3
HUNT,2,0,0.0,-4045.99,-2023.0,0.0,-29.3,-14.65,0,0,0,0.0,-4045.99,,-2023.0,,0.0,0
LEAVE,1748,534,0.3055,-1674608.96,-958.01,0.1722,2396.9,1.37,301,137,70,-565822.79,-1108786.17,-1059.59,-913.33,0.1704,0.173,100
NEW,311,8,0.0257,-154123.67,-495.57,0.1318,2661.3,8.56,41,20,10,-12110.03,-142013.64,-1513.75,-468.69,0.125,0.132,20
PENDING,1364,38,0.0279,-1292246.0,-947.39,0.1562,2087.0,1.53,213,85,37,-50431.21,-1241814.79,-1327.14,-936.51,0.1579,0.1561,84
RECYCLE,95,2,0.0211,-67057.45,-705.87,0.1368,498.0,5.24,13,7,5,-3386.41,-63671.04,-1693.2,-684.63,0.0,0.1398,7
REJECT,163,8,0.0491,-101761.84,-624.31,0.1166,1059.95,6.5,19,9,6,-10776.16,-90985.68,-1347.02,-587.0,0.125,0.1161,9
THIN,542,18,0.0332,-547479.34,-1010.11,0.1125,322.45,0.59,61,24,13,-7060.94,-540418.4,-392.27,-1031.33,0.1667,0.1107,22
