hour_bin,count_BLOCK,count_REENTER,count_TAKE,count_WATCH,sum_BLOCK,sum_REENTER,sum_TAKE,sum_WATCH
09,131,3,70,165,-115236.92,-4990.08,-22943.92,-150207.07
10,177,13,82,320,-12831.35,-17887.15,-101581.67,-249911.22
11,181,24,94,378,-258265.78,-31815.28,-47410.31,-418315.65
12,235,26,105,374,-306768.52,-31436.08,-138886.08,-387512.31
13,252,24,93,395,-304039.03,-25539.4,-91837.24,-312892.83
14,222,36,110,440,-229798.98,-32139.61,-57134.64,-265711.51
15,79,14,48,117,-48364.8,-30532.59,-127607.32,-79874.99
<09:25,124,0,3,62,-55828.02,0.0,-5522.41,-71509.17
>=15:20,105,0,0,0,-115754.02,0.0,0.0,0.0
