"id","trade_config_id","instrument_name","instrument_token","option_strike","option_type","option_token","entry_direction","entry_time","entry_price","exit_time","exit_price","profit","status","entry_broker_order_id","exit_broker_order_id","fill_status","peak_profit","peak_loss","last_monitored_price","last_monitored_at","exit_reason","target_at_entry","stop_loss_at_entry","entry_reason","strategy_id","lot_quantity_at_entry","quantity","trail_ladder_at_entry","trail_sl_at"
"1257","1052","NIFTY","HIST:NIFTY:NSE:SPOT","23400","CE","HIST:NIFTY:NFO:2025-01-09:23400:CE","SELL","2025-01-09 12:20:00","184.5000","2025-01-09 12:45:00","136.2000","48.3000","CLOSED","NULL","NULL","BACKTEST","48.3000","0.0000","136.2000","2025-01-09 12:45:00","TARGET","47.9200","71.8800","5min/SMA100","1","0","75","NULL","NULL"
"1258","1052","NIFTY","HIST:NIFTY:NSE:SPOT","23400","CE","HIST:NIFTY:NFO:2025-01-09:23400:CE","SELL","2025-01-09 12:20:00","184.5000","2025-01-09 12:45:00","136.2000","48.3000","CLOSED","NULL","NULL","BACKTEST","48.3000","0.0000","136.2000","2025-01-09 12:45:00","TARGET","47.9200","71.8800","5min/SMA100","2","0","75","NULL","NULL"
"1260","1055","NIFTY","HIST:NIFTY:NSE:SPOT","23100","CE","HIST:NIFTY:NFO:2025-01-16:23100:CE","SELL","2025-01-14 09:30:00","171.3000","2025-01-14 15:15:00","177.5000","-6.2000","CLOSED","NULL","NULL","BACKTEST","30.1500","-52.9000","181.0000","2025-01-14 15:10:00","SIGNAL","72.1200","108.1800","5min/SMA50","1","0","75","NULL","NULL"
"1261","1056","NIFTY","HIST:NIFTY:NSE:SPOT","23100","CE","HIST:NIFTY:NFO:2025-01-16:23100:CE","SELL","2025-01-15 09:25:00","156.4500","2025-01-15 13:40:00","110.8500","45.6000","CLOSED","NULL","NULL","BACKTEST","45.6000","-57.4500","110.8500","2025-01-15 13:40:00","TARGET","43.0700","64.6100","5min/SMA100","1","0","75","NULL","NULL"
"1262","1058","NIFTY","HIST:NIFTY:NSE:SPOT","23200","CE","HIST:NIFTY:NFO:2025-01-16:23200:CE","SELL","2025-01-16 10:00:00","93.4000","2025-01-16 15:15:00","106.2500","-12.8500","CLOSED","NULL","NULL","BACKTEST","19.9000","-22.9500","101.7500","2025-01-16 15:10:00","SIGNAL","39.1100","58.6600","5min/SMA200","1","0","75","NULL","NULL"
"1263","1055","NIFTY","HIST:NIFTY:NSE:SPOT","23200","CE","HIST:NIFTY:NFO:2025-01-16:23200:CE","SELL","2025-01-14 09:30:00","111.1000","2025-01-14 15:15:00","107.2500","3.8500","CLOSED","NULL","NULL","BACKTEST","30.4500","-37.4000","109.7500","2025-01-14 15:10:00","SIGNAL","72.1200","108.1800","5min/SMA50","1","0","75","NULL","NULL"
"1264","1056","NIFTY","HIST:NIFTY:NSE:SPOT","23100","CE","HIST:NIFTY:NFO:2025-01-16:23100:CE","SELL","2025-01-15 09:15:00","156.4500","2025-01-15 13:40:00","110.8500","45.6000","CLOSED","NULL","NULL","BACKTEST","45.6000","-57.4500","110.8500","2025-01-15 13:40:00","TARGET","43.0700","64.6100","15min/SMA50","1","0","75","NULL","NULL"
"1265","1058","NIFTY","HIST:NIFTY:NSE:SPOT","23200","CE","HIST:NIFTY:NFO:2025-01-16:23200:CE","SELL","2025-01-16 10:45:00","87.5500","2025-01-16 15:15:00","106.2500","-18.7000","CLOSED","NULL","NULL","BACKTEST","14.0500","-28.8000","101.7500","2025-01-16 15:10:00","SIGNAL","39.1100","58.6600","5min/SMA200","1","0","75","NULL","NULL"
"1266","1055","NIFTY","HIST:NIFTY:NSE:SPOT","23000","CE","HIST:NIFTY:NFO:2025-01-16:23000:CE","SELL","2025-01-14 09:50:00","237.5500","2025-01-14 15:15:00","260.6500","-23.1000","CLOSED","NULL","NULL","BACKTEST","24.1500","-71.4500","265.9000","2025-01-14 15:10:00","SIGNAL","72.1200","108.1800","5min/SMA50","1","0","75","NULL","NULL"
"1267","1056","NIFTY","HIST:NIFTY:NSE:SPOT","23200","CE","HIST:NIFTY:NFO:2025-01-16:23200:CE","SELL","2025-01-15 11:00:00","99.0000","2025-01-15 13:25:00","54.4500","44.5500","CLOSED","NULL","NULL","BACKTEST","44.5500","-2.0000","54.4500","2025-01-15 13:25:00","TARGET","43.0700","64.6100","15min/SMA50","1","0","75","NULL","NULL"
"1268","1058","NIFTY","HIST:NIFTY:NSE:SPOT","23200","CE","HIST:NIFTY:NFO:2025-01-16:23200:CE","SELL","2025-01-16 11:45:00","88.7500","2025-01-16 15:15:00","106.2500","-17.5000","CLOSED","NULL","NULL","BACKTEST","8.3000","-27.6000","101.7500","2025-01-16 15:10:00","SIGNAL","39.1100","58.6600","5min/SMA200","1","0","75","NULL","NULL"
"1269","1072","NIFTY","HIST:NIFTY:NSE:SPOT","21400","CE","HIST:NIFTY:NFO:2024-01-04:21400:CE","SELL","2024-01-04 09:30:00","199.4500","2024-01-04 15:15:00","253.1000","-53.6500","CLOSED","NULL","NULL","BACKTEST","0.0000","-60.5500","249.3000","2024-01-04 15:10:00","SIGNAL","41.6900","62.5300","5min/SMA100","1","0","75","NULL","NULL"
"1270","1072","NIFTY","HIST:NIFTY:NSE:SPOT","21400","CE","HIST:NIFTY:NFO:2024-01-04:21400:CE","SELL","2024-01-04 09:45:00","204.0500","2024-01-04 15:15:00","253.1000","-49.0500","CLOSED","NULL","NULL","BACKTEST","0.0000","-55.9500","249.3000","2024-01-04 15:10:00","SIGNAL","41.6900","62.5300","15min/SMA50","2","0","75","NULL","NULL"
"1271","1080","NIFTY","HIST:NIFTY:NSE:SPOT","21900","PE","HIST:NIFTY:NFO:2024-01-18:21900:PE","SELL","2024-01-12 15:10:00","126.5000","2024-01-12 15:15:00","117.6000","8.9000","CLOSED","NULL","NULL","BACKTEST","0.0000","0.0000","NULL","NULL","SIGNAL","18.4400","27.6500","5min/SMA50","1","0","75","NULL","NULL"
"1272","1080","NIFTY","HIST:NIFTY:NSE:SPOT","21900","PE","HIST:NIFTY:NFO:2024-01-18:21900:PE","SELL","2024-01-12 15:10:00","126.5000","2024-01-12 15:15:00","117.6000","8.9000","CLOSED","NULL","NULL","BACKTEST","0.0000","0.0000","NULL","NULL","SIGNAL","18.4400","27.6500","5min/SMA50","2","0","75","NULL","NULL"
"1273","1081","NIFTY","HIST:NIFTY:NSE:SPOT","22000","PE","HIST:NIFTY:NFO:2024-01-18:22000:PE","SELL","2024-01-16 09:25:00","80.0500","2024-01-16 15:15:00","81.9000","-1.8500","CLOSED","NULL","NULL","BACKTEST","25.1500","-27.1500","74.5500","2024-01-16 15:10:00","SIGNAL","51.8000","77.6900","5min/SMA50","1","0","75","NULL","NULL"
"1274","1081","NIFTY","HIST:NIFTY:NSE:SPOT","22000","PE","HIST:NIFTY:NFO:2024-01-18:22000:PE","SELL","2024-01-16 09:25:00","80.0500","2024-01-16 15:15:00","81.9000","-1.8500","CLOSED","NULL","NULL","BACKTEST","25.1500","-27.1500","74.5500","2024-01-16 15:10:00","SIGNAL","51.8000","77.6900","5min/SMA50","2","0","75","NULL","NULL"
"1275","1083","NIFTY","HIST:NIFTY:NSE:SPOT","21400","CE","HIST:NIFTY:NFO:2024-01-18:21400:CE","SELL","2024-01-18 12:00:00","102.6500","2024-01-18 15:15:00","59.6500","43.0000","CLOSED","NULL","NULL","BACKTEST","62.2000","-18.5500","57.6500","2024-01-18 15:10:00","SIGNAL","67.0300","100.5500","5min/SMA50","1","0","75","NULL","NULL"
"1276","1083","NIFTY","HIST:NIFTY:NSE:SPOT","21300","CE","HIST:NIFTY:NFO:2024-01-18:21300:CE","SELL","2024-01-18 12:55:00","145.9000","2024-01-18 15:15:00","159.7000","-13.8000","CLOSED","NULL","NULL","BACKTEST","11.4500","-21.6000","157.9000","2024-01-18 15:10:00","SIGNAL","67.0300","100.5500","5min/SMA50","2","0","75","NULL","NULL"
"1277","1086","NIFTY","HIST:NIFTY:NSE:SPOT","21200","CE","HIST:NIFTY:NFO:2024-01-25:21200:CE","SELL","2024-01-25 09:15:00","229.8000","2024-01-25 09:50:00","184.6000","45.2000","CLOSED","NULL","NULL","BACKTEST","45.2000","-23.3000","184.6000","2024-01-25 09:50:00","TARGET","42.2800","63.4200","5min/SMA200","1","0","75","NULL","NULL"
"1278","1086","NIFTY","HIST:NIFTY:NSE:SPOT","21200","CE","HIST:NIFTY:NFO:2024-01-25:21200:CE","SELL","2024-01-25 09:15:00","229.8000","2024-01-25 09:50:00","184.6000","45.2000","CLOSED","NULL","NULL","BACKTEST","45.2000","-23.3000","184.6000","2024-01-25 09:50:00","TARGET","42.2800","63.4200","5min/SMA200","2","0","75","NULL","NULL"
"1279","1086","NIFTY","HIST:NIFTY:NSE:SPOT","21100","CE","HIST:NIFTY:NFO:2024-01-25:21100:CE","SELL","2024-01-25 11:45:00","208.0000","2024-01-25 13:25:00","165.0500","42.9500","CLOSED","NULL","NULL","BACKTEST","42.9500","-2.7500","165.0500","2024-01-25 13:25:00","TARGET","42.2800","63.4200","15min/SMA50","1","0","75","NULL","NULL"
"1280","1086","NIFTY","HIST:NIFTY:NSE:SPOT","21100","CE","HIST:NIFTY:NFO:2024-01-25:21100:CE","SELL","2024-01-25 11:45:00","208.0000","2024-01-25 13:25:00","165.0500","42.9500","CLOSED","NULL","NULL","BACKTEST","42.9500","-2.7500","165.0500","2024-01-25 13:25:00","TARGET","42.2800","63.4200","15min/SMA50","2","0","75","NULL","NULL"
"1281","1088","NIFTY","HIST:NIFTY:NSE:SPOT","21600","CE","HIST:NIFTY:NFO:2024-02-01:21600:CE","SELL","2024-02-01 09:25:00","165.9000","2024-02-01 11:00:00","234.2500","-68.3500","CLOSED","NULL","NULL","BACKTEST","16.2000","-68.3500","234.2500","2024-02-01 11:00:00","STOP_LOSS","45.1600","67.7400","5min/SMA100","1","0","75","NULL","NULL"
"1282","1088","NIFTY","HIST:NIFTY:NSE:SPOT","21600","CE","HIST:NIFTY:NFO:2024-02-01:21600:CE","SELL","2024-02-01 09:25:00","165.9000","2024-02-01 11:00:00","234.2500","-68.3500","CLOSED","NULL","NULL","BACKTEST","16.2000","-68.3500","234.2500","2024-02-01 11:00:00","STOP_LOSS","45.1600","67.7400","5min/SMA100","2","0","75","NULL","NULL"
"1283","1088","NIFTY","HIST:NIFTY:NSE:SPOT","21700","CE","HIST:NIFTY:NFO:2024-02-01:21700:CE","SELL","2024-02-01 11:30:00","110.9000","2024-02-01 12:00:00","59.0000","51.9000","CLOSED","NULL","NULL","BACKTEST","51.9000","-0.9000","59.0000","2024-02-01 12:00:00","TARGET","45.1600","67.7400","15min/SMA50","1","0","75","NULL","NULL"
"1284","1088","NIFTY","HIST:NIFTY:NSE:SPOT","21700","CE","HIST:NIFTY:NFO:2024-02-01:21700:CE","SELL","2024-02-01 11:30:00","110.9000","2024-02-01 12:00:00","59.0000","51.9000","CLOSED","NULL","NULL","BACKTEST","51.9000","-0.9000","59.0000","2024-02-01 12:00:00","TARGET","45.1600","67.7400","15min/SMA50","2","0","75","NULL","NULL"
"1285","1088","NIFTY","HIST:NIFTY:NSE:SPOT","21600","CE","HIST:NIFTY:NFO:2024-02-01:21600:CE","SELL","2024-02-01 11:45:00","164.5500","2024-02-01 13:15:00","115.9500","48.6000","CLOSED","NULL","NULL","BACKTEST","48.6000","-1.3500","115.9500","2024-02-01 13:15:00","TARGET","45.1600","67.7400","15min/SMA50","1","0","75","NULL","NULL"
"1286","1088","NIFTY","HIST:NIFTY:NSE:SPOT","21600","CE","HIST:NIFTY:NFO:2024-02-01:21600:CE","SELL","2024-02-01 11:45:00","164.5500","2024-02-01 13:15:00","115.9500","48.6000","CLOSED","NULL","NULL","BACKTEST","48.6000","-1.3500","115.9500","2024-02-01 13:15:00","TARGET","45.1600","67.7400","15min/SMA50","2","0","75","NULL","NULL"
"1287","1088","NIFTY","HIST:NIFTY:NSE:SPOT","21500","CE","HIST:NIFTY:NFO:2024-02-01:21500:CE","SELL","2024-02-01 13:00:00","225.0000","2024-02-01 15:15:00","198.5500","26.4500","CLOSED","NULL","NULL","BACKTEST","31.4500","-0.2500","193.5500","2024-02-01 15:10:00","SIGNAL","45.1600","67.7400","15min/SMA50","1","0","75","NULL","NULL"
"1288","1088","NIFTY","HIST:NIFTY:NSE:SPOT","21500","CE","HIST:NIFTY:NFO:2024-02-01:21500:CE","SELL","2024-02-01 13:00:00","225.0000","2024-02-01 15:15:00","198.5500","26.4500","CLOSED","NULL","NULL","BACKTEST","31.4500","-0.2500","193.5500","2024-02-01 15:10:00","SIGNAL","45.1600","67.7400","15min/SMA50","2","0","75","NULL","NULL"
"1289","1093","NIFTY","HIST:NIFTY:NSE:SPOT","21900","CE","HIST:NIFTY:NFO:2024-02-08:21900:CE","SELL","2024-02-08 09:35:00","108.7500","2024-02-08 10:05:00","63.5500","45.2000","CLOSED","NULL","NULL","BACKTEST","45.2000","0.0000","63.5500","2024-02-08 10:05:00","TARGET","43.0500","64.5800","5min/SMA200","1","0","75","NULL","NULL"
"1290","1093","NIFTY","HIST:NIFTY:NSE:SPOT","21900","CE","HIST:NIFTY:NFO:2024-02-08:21900:CE","SELL","2024-02-08 09:35:00","108.7500","2024-02-08 10:05:00","63.5500","45.2000","CLOSED","NULL","NULL","BACKTEST","45.2000","0.0000","63.5500","2024-02-08 10:05:00","TARGET","43.0500","64.5800","5min/SMA200","2","0","75","NULL","NULL"
"1291","1094","NIFTY","HIST:NIFTY:NSE:SPOT","22000","PE","HIST:NIFTY:NFO:2024-02-08:22000:PE","SELL","2024-02-08 10:20:00","109.4000","2024-02-08 10:55:00","192.8000","-83.4000","CLOSED","NULL","NULL","BACKTEST","36.1000","-83.4000","192.8000","2024-02-08 10:55:00","STOP_LOSS","39.8100","59.7100","5min/SMA100","1","0","75","NULL","NULL"
"1292","1094","NIFTY","HIST:NIFTY:NSE:SPOT","22000","PE","HIST:NIFTY:NFO:2024-02-08:22000:PE","SELL","2024-02-08 10:20:00","109.4000","2024-02-08 10:55:00","192.8000","-83.4000","CLOSED","NULL","NULL","BACKTEST","36.1000","-83.4000","192.8000","2024-02-08 10:55:00","STOP_LOSS","39.8100","59.7100","5min/SMA100","2","0","75","NULL","NULL"
"1293","1097","NIFTY","HIST:NIFTY:NSE:SPOT","21500","CE","HIST:NIFTY:NFO:2024-02-15:21500:CE","SELL","2024-02-13 09:20:00","215.7500","2024-02-13 10:50:00","288.6000","-72.8500","CLOSED","NULL","NULL","BACKTEST","24.4500","-72.8500","288.6000","2024-02-13 10:50:00","STOP_LOSS","37.9200","56.8800","5min/SMA50","1","0","75","NULL","NULL"
"1294","1097","NIFTY","HIST:NIFTY:NSE:SPOT","21500","CE","HIST:NIFTY:NFO:2024-02-15:21500:CE","SELL","2024-02-13 09:20:00","215.7500","2024-02-13 10:50:00","288.6000","-72.8500","CLOSED","NULL","NULL","BACKTEST","24.4500","-72.8500","288.6000","2024-02-13 10:50:00","STOP_LOSS","37.9200","56.8800","5min/SMA50","2","0","75","NULL","NULL"
"1295","1098","NIFTY","HIST:NIFTY:NSE:SPOT","21600","CE","HIST:NIFTY:NFO:2024-02-15:21600:CE","SELL","2024-02-14 13:15:00","130.5000","2024-02-14 14:15:00","195.0000","-64.5000","CLOSED","NULL","NULL","BACKTEST","9.3000","-64.5000","195.0000","2024-02-14 14:15:00","STOP_LOSS","29.5300","44.2900","15min/SMA50","1","0","75","NULL","NULL"
"1296","1098","NIFTY","HIST:NIFTY:NSE:SPOT","21600","CE","HIST:NIFTY:NFO:2024-02-15:21600:CE","SELL","2024-02-14 13:15:00","130.5000","2024-02-14 14:15:00","195.0000","-64.5000","CLOSED","NULL","NULL","BACKTEST","9.3000","-64.5000","195.0000","2024-02-14 14:15:00","STOP_LOSS","29.5300","44.2900","15min/SMA50","2","0","75","NULL","NULL"
"1297","1105","NIFTY","HIST:NIFTY:NSE:SPOT","22200","PE","HIST:NIFTY:NFO:2024-02-22:22200:PE","SELL","2024-02-21 13:55:00","102.2500","2024-02-21 14:20:00","182.4000","-80.1500","CLOSED","NULL","NULL","BACKTEST","0.0000","-80.1500","182.4000","2024-02-21 14:20:00","STOP_LOSS","33.5200","50.2700","5min/SMA100","1","0","75","NULL","NULL"
"1298","1109","NIFTY","HIST:NIFTY:NSE:SPOT","22000","CE","HIST:NIFTY:NFO:2024-02-29:22000:CE","SELL","2024-02-27 09:40:00","209.1500","2024-02-27 10:25:00","181.4500","27.7000","CLOSED","NULL","NULL","BACKTEST","27.7000","-10.5500","181.4500","2024-02-27 10:25:00","TARGET","25.5500","38.3200","5min/SMA50","1","0","75","NULL","NULL"
"1299","1109","NIFTY","HIST:NIFTY:NSE:SPOT","22000","CE","HIST:NIFTY:NFO:2024-02-29:22000:CE","SELL","2024-02-27 09:40:00","209.1500","2024-02-27 10:25:00","181.4500","27.7000","CLOSED","NULL","NULL","BACKTEST","27.7000","-10.5500","181.4500","2024-02-27 10:25:00","TARGET","25.5500","38.3200","5min/SMA50","2","0","75","NULL","NULL"
"1300","1109","NIFTY","HIST:NIFTY:NSE:SPOT","22200","CE","HIST:NIFTY:NFO:2024-02-29:22200:CE","SELL","2024-02-27 11:50:00","94.4000","2024-02-27 15:15:00","99.9000","-5.5000","CLOSED","NULL","NULL","BACKTEST","12.5500","-32.6000","107.1000","2024-02-27 15:10:00","SIGNAL","25.5500","38.3200","5min/SMA50","1","0","75","NULL","NULL"
"1301","1110","NIFTY","HIST:NIFTY:NSE:SPOT","22200","CE","HIST:NIFTY:NFO:2024-02-29:22200:CE","SELL","2024-02-28 09:15:00","94.5500","2024-02-28 10:45:00","45.5500","49.0000","CLOSED","NULL","NULL","BACKTEST","49.0000","-4.2500","45.5500","2024-02-28 10:45:00","TARGET","19.6000","29.3900","15min/SMA50","1","0","75","NULL","NULL"
"1302","1110","NIFTY","HIST:NIFTY:NSE:SPOT","22200","CE","HIST:NIFTY:NFO:2024-02-29:22200:CE","SELL","2024-02-28 09:15:00","94.5500","2024-02-28 10:45:00","45.5500","49.0000","CLOSED","NULL","NULL","BACKTEST","49.0000","-4.2500","45.5500","2024-02-28 10:45:00","TARGET","19.6000","29.3900","15min/SMA50","2","0","75","NULL","NULL"
"1303","1113","NIFTY","HIST:NIFTY:NSE:SPOT","22400","PE","HIST:NIFTY:NFO:2024-03-07:22400:PE","SELL","2024-03-04 11:05:00","137.8000","2024-03-04 15:15:00","131.6500","6.1500","CLOSED","NULL","NULL","BACKTEST","23.3500","-4.4500","125.7500","2024-03-04 15:10:00","SIGNAL","33.6700","50.5000","5min/SMA50","1","0","75","NULL","NULL"
"1304","1113","NIFTY","HIST:NIFTY:NSE:SPOT","22500","PE","HIST:NIFTY:NFO:2024-03-07:22500:PE","SELL","2024-03-04 11:10:00","174.9000","2024-03-04 15:15:00","185.2000","-10.3000","CLOSED","NULL","NULL","BACKTEST","11.6500","-22.7000","178.4500","2024-03-04 15:10:00","SIGNAL","33.6700","50.5000","5min/SMA50","2","0","75","NULL","NULL"
"1305","1115","NIFTY","HIST:NIFTY:NSE:SPOT","22400","PE","HIST:NIFTY:NFO:2024-03-07:22400:PE","SELL","2024-03-06 09:30:00","110.6000","2024-03-06 09:45:00","156.3500","-45.7500","CLOSED","NULL","NULL","BACKTEST","0.0000","-45.7500","156.3500","2024-03-06 09:45:00","STOP_LOSS","23.3400","35.0200","15min/SMA50","1","0","75","NULL","NULL"
"1306","1115","NIFTY","HIST:NIFTY:NSE:SPOT","22400","PE","HIST:NIFTY:NFO:2024-03-07:22400:PE","SELL","2024-03-06 09:30:00","110.6000","2024-03-06 09:45:00","156.3500","-45.7500","CLOSED","NULL","NULL","BACKTEST","0.0000","-45.7500","156.3500","2024-03-06 09:45:00","STOP_LOSS","23.3400","35.0200","15min/SMA50","2","0","75","NULL","NULL"
"1307","1114","NIFTY","HIST:NIFTY:NSE:SPOT","22200","CE","HIST:NIFTY:NFO:2024-03-07:22200:CE","SELL","2024-03-06 09:45:00","174.7500","2024-03-06 09:55:00","144.5000","30.2500","CLOSED","NULL","NULL","BACKTEST","30.2500","0.0000","144.5000","2024-03-06 09:55:00","TARGET","24.4700","36.7100","5min/SMA100","1","0","75","NULL","NULL"
"1308","1114","NIFTY","HIST:NIFTY:NSE:SPOT","22200","CE","HIST:NIFTY:NFO:2024-03-07:22200:CE","SELL","2024-03-06 09:45:00","174.7500","2024-03-06 09:55:00","144.5000","30.2500","CLOSED","NULL","NULL","BACKTEST","30.2500","0.0000","144.5000","2024-03-06 09:55:00","TARGET","24.4700","36.7100","5min/SMA100","2","0","75","NULL","NULL"
"1309","1119","NIFTY","HIST:NIFTY:NSE:SPOT","21800","CE","HIST:NIFTY:NFO:2024-03-14:21800:CE","SELL","2024-03-14 09:35:00","219.6000","2024-03-14 11:30:00","352.7500","-133.1500","CLOSED","NULL","NULL","BACKTEST","7.0500","-133.1500","352.7500","2024-03-14 11:30:00","STOP_LOSS","72.8600","109.3000","5min/SMA50","1","0","75","NULL","NULL"
"1310","1119","NIFTY","HIST:NIFTY:NSE:SPOT","22000","CE","HIST:NIFTY:NFO:2024-03-14:22000:CE","SELL","2024-03-14 12:30:00","171.6500","2024-03-14 15:15:00","147.0000","24.6500","CLOSED","NULL","NULL","BACKTEST","61.8500","-25.6000","145.6500","2024-03-14 15:10:00","SIGNAL","72.8600","109.3000","15min/SMA50","1","0","75","NULL","NULL"
"1311","1119","NIFTY","HIST:NIFTY:NSE:SPOT","22000","CE","HIST:NIFTY:NFO:2024-03-14:22000:CE","SELL","2024-03-14 14:10:00","109.8000","2024-03-14 15:15:00","147.0000","-37.2000","CLOSED","NULL","NULL","BACKTEST","0.0000","-39.5000","145.6500","2024-03-14 15:10:00","SIGNAL","72.8600","109.3000","5min/SMA100","2","0","75","NULL","NULL"
"1312","1121","NIFTY","HIST:NIFTY:NSE:SPOT","21900","CE","HIST:NIFTY:NFO:2024-03-21:21900:CE","SELL","2024-03-20 09:25:00","85.0000","2024-03-20 10:45:00","34.2500","50.7500","CLOSED","NULL","NULL","BACKTEST","50.7500","-3.9000","34.2500","2024-03-20 10:45:00","TARGET","50.6000","75.9100","5min/SMA50","1","0","75","NULL","NULL"
"1313","1121","NIFTY","HIST:NIFTY:NSE:SPOT","21900","CE","HIST:NIFTY:NFO:2024-03-21:21900:CE","SELL","2024-03-20 09:25:00","85.0000","2024-03-20 10:45:00","34.2500","50.7500","CLOSED","NULL","NULL","BACKTEST","50.7500","-3.9000","34.2500","2024-03-20 10:45:00","TARGET","50.6000","75.9100","5min/SMA50","2","0","75","NULL","NULL"
"1314","1121","NIFTY","HIST:NIFTY:NSE:SPOT","21800","CE","HIST:NIFTY:NFO:2024-03-21:21800:CE","SELL","2024-03-20 11:55:00","122.3500","2024-03-20 15:15:00","108.5500","13.8000","CLOSED","NULL","NULL","BACKTEST","25.3000","-35.9500","105.5000","2024-03-20 15:10:00","SIGNAL","50.6000","75.9100","5min/SMA100","1","0","75","NULL","NULL"
"1315","1122","NIFTY","HIST:NIFTY:NSE:SPOT","21900","CE","HIST:NIFTY:NFO:2024-03-21:21900:CE","SELL","2024-03-21 09:40:00","110.3500","2024-03-21 10:10:00","161.8500","-51.5000","CLOSED","NULL","NULL","BACKTEST","5.5000","-51.5000","161.8500","2024-03-21 10:10:00","STOP_LOSS","33.9500","50.9200","5min/SMA200","1","0","75","NULL","NULL"
"1316","1122","NIFTY","HIST:NIFTY:NSE:SPOT","21900","CE","HIST:NIFTY:NFO:2024-03-21:21900:CE","SELL","2024-03-21 12:00:00","96.6000","2024-03-21 15:15:00","112.0000","-15.4000","CLOSED","NULL","NULL","BACKTEST","33.7000","-21.1500","112.0500","2024-03-21 15:10:00","SIGNAL","33.9500","50.9200","5min/SMA200","1","0","75","NULL","NULL"
"1317","1122","NIFTY","HIST:NIFTY:NSE:SPOT","21900","CE","HIST:NIFTY:NFO:2024-03-21:21900:CE","SELL","2024-03-21 12:00:00","96.6000","2024-03-21 15:15:00","112.0000","-15.4000","CLOSED","NULL","NULL","BACKTEST","33.7000","-21.1500","112.0500","2024-03-21 15:10:00","SIGNAL","33.9500","50.9200","5min/SMA200","2","0","75","NULL","NULL"
"1318","1128","NIFTY","HIST:NIFTY:NSE:SPOT","22300","CE","HIST:NIFTY:NFO:2024-04-04:22300:CE","SELL","2024-04-04 09:30:00","151.0500","2024-04-04 09:45:00","108.9500","42.1000","CLOSED","NULL","NULL","BACKTEST","42.1000","0.0000","108.9500","2024-04-04 09:45:00","TARGET","26.2600","39.3800","15min/SMA50","1","0","75","NULL","NULL"
"1319","1132","NIFTY","HIST:NIFTY:NSE:SPOT","22800","PE","HIST:NIFTY:NFO:2024-04-10:22800:PE","SELL","2024-04-09 12:25:00","102.5500","2024-04-09 14:05:00","156.2500","-53.7000","CLOSED","NULL","NULL","BACKTEST","0.0000","-53.7000","156.2500","2024-04-09 14:05:00","STOP_LOSS","33.1000","49.6500","5min/SMA50","1","0","75","NULL","NULL"
"1320","1133","NIFTY","HIST:NIFTY:NSE:SPOT","22800","PE","HIST:NIFTY:NFO:2024-04-10:22800:PE","SELL","2024-04-10 09:20:00","115.2500","2024-04-10 10:55:00","93.5500","21.7000","CLOSED","NULL","NULL","BACKTEST","21.7000","-6.7500","93.5500","2024-04-10 10:55:00","TARGET","20.2900","30.4300","5min/SMA100","1","0","75","NULL","NULL"
"1321","1133","NIFTY","HIST:NIFTY:NSE:SPOT","22800","PE","HIST:NIFTY:NFO:2024-04-10:22800:PE","SELL","2024-04-10 09:20:00","115.2500","2024-04-10 10:55:00","93.5500","21.7000","CLOSED","NULL","NULL","BACKTEST","21.7000","-6.7500","93.5500","2024-04-10 10:55:00","TARGET","20.2900","30.4300","5min/SMA100","2","0","75","NULL","NULL"
"1322","1137","NIFTY","HIST:NIFTY:NSE:SPOT","22100","CE","HIST:NIFTY:NFO:2024-04-18:22100:CE","SELL","2024-04-18 09:30:00","133.8000","2024-04-18 10:20:00","84.1500","49.6500","CLOSED","NULL","NULL","BACKTEST","49.6500","0.0000","84.1500","2024-04-18 10:20:00","TARGET","49.1900","73.7800","5min/SMA100","1","0","75","NULL","NULL"
"1323","1137","NIFTY","HIST:NIFTY:NSE:SPOT","22000","CE","HIST:NIFTY:NFO:2024-04-18:22000:CE","SELL","2024-04-18 13:15:00","134.2000","2024-04-18 13:30:00","220.2500","-86.0500","CLOSED","NULL","NULL","BACKTEST","0.0000","-86.0500","220.2500","2024-04-18 13:30:00","STOP_LOSS","49.1900","73.7800","15min/SMA50","1","0","75","NULL","NULL"
"1324","1137","NIFTY","HIST:NIFTY:NSE:SPOT","22000","CE","HIST:NIFTY:NFO:2024-04-18:22000:CE","SELL","2024-04-18 13:15:00","134.2000","2024-04-18 13:30:00","220.2500","-86.0500","CLOSED","NULL","NULL","BACKTEST","0.0000","-86.0500","220.2500","2024-04-18 13:30:00","STOP_LOSS","49.1900","73.7800","15min/SMA50","2","0","75","NULL","NULL"
"1325","1137","NIFTY","HIST:NIFTY:NSE:SPOT","22100","CE","HIST:NIFTY:NFO:2024-04-18:22100:CE","SELL","2024-04-18 13:15:00","88.6500","2024-04-18 14:30:00","31.5000","57.1500","CLOSED","NULL","NULL","BACKTEST","57.1500","-6.2000","31.5000","2024-04-18 14:30:00","TARGET","49.1900","73.7800","15min/SMA50","1","0","75","NULL","NULL"
"1326","1137","NIFTY","HIST:NIFTY:NSE:SPOT","22100","CE","HIST:NIFTY:NFO:2024-04-18:22100:CE","SELL","2024-04-18 13:15:00","88.6500","2024-04-18 14:30:00","31.5000","57.1500","CLOSED","NULL","NULL","BACKTEST","57.1500","-6.2000","31.5000","2024-04-18 14:30:00","TARGET","49.1900","73.7800","15min/SMA50","2","0","75","NULL","NULL"
"1327","1140","NIFTY","HIST:NIFTY:NSE:SPOT","22400","PE","HIST:NIFTY:NFO:2024-04-25:22400:PE","SELL","2024-04-23 13:10:00","98.4000","2024-04-23 15:15:00","101.5500","-3.1500","CLOSED","NULL","NULL","BACKTEST","18.3500","-13.5500","98.6500","2024-04-23 15:10:00","SIGNAL","62.9500","94.4200","5min/SMA50","1","0","75","NULL","NULL"
"1328","1140","NIFTY","HIST:NIFTY:NSE:SPOT","22400","PE","HIST:NIFTY:NFO:2024-04-25:22400:PE","SELL","2024-04-23 13:25:00","95.8000","2024-04-23 15:15:00","101.5500","-5.7500","CLOSED","NULL","NULL","BACKTEST","15.7500","-5.7500","98.6500","2024-04-23 15:10:00","SIGNAL","62.9500","94.4200","5min/SMA50","2","0","75","NULL","NULL"
"1329","1141","NIFTY","HIST:NIFTY:NSE:SPOT","22500","PE","HIST:NIFTY:NFO:2024-04-25:22500:PE","SELL","2024-04-24 14:45:00","110.6000","2024-04-24 15:15:00","99.1000","11.5000","CLOSED","NULL","NULL","BACKTEST","0.0000","-8.2500","112.8500","2024-04-24 15:10:00","SIGNAL","51.4900","77.2300","15min/SMA50","1","0","75","NULL","NULL"
"1330","1141","NIFTY","HIST:NIFTY:NSE:SPOT","22500","PE","HIST:NIFTY:NFO:2024-04-25:22500:PE","SELL","2024-04-24 15:15:00","99.1000","2024-04-24 15:20:00","99.1000","0.0000","CLOSED","NULL","NULL","BACKTEST","0.0000","0.0000","NULL","NULL","FORCE_CLOSE","51.4900","77.2300","5min/SMA100","1","0","75","NULL","NULL"
"1331","1142","NIFTY","HIST:NIFTY:NSE:SPOT","22500","PE","HIST:NIFTY:NFO:2024-04-25:22500:PE","SELL","2024-04-25 09:45:00","107.1500","2024-04-25 10:15:00","62.4500","44.7000","CLOSED","NULL","NULL","BACKTEST","44.7000","0.0000","62.4500","2024-04-25 10:15:00","TARGET","41.6800","62.5200","15min/SMA50","1","0","75","NULL","NULL"
"1332","1142","NIFTY","HIST:NIFTY:NSE:SPOT","22500","PE","HIST:NIFTY:NFO:2024-04-25:22500:PE","SELL","2024-04-25 11:00:00","80.8000","2024-04-25 14:00:00","25.2500","55.5500","CLOSED","NULL","NULL","BACKTEST","55.5500","-39.3000","25.2500","2024-04-25 14:00:00","TARGET","41.6800","62.5200","15min/SMA50","1","0","75","NULL","NULL"
"1333","1142","NIFTY","HIST:NIFTY:NSE:SPOT","22500","PE","HIST:NIFTY:NFO:2024-04-25:22500:PE","SELL","2024-04-25 11:00:00","80.8000","2024-04-25 14:00:00","25.2500","55.5500","CLOSED","NULL","NULL","BACKTEST","55.5500","-39.3000","25.2500","2024-04-25 14:00:00","TARGET","41.6800","62.5200","15min/SMA50","2","0","75","NULL","NULL"
"1334","1145","NIFTY","HIST:NIFTY:NSE:SPOT","22800","PE","HIST:NIFTY:NFO:2024-05-02:22800:PE","SELL","2024-04-30 13:25:00","100.8500","2024-04-30 15:00:00","171.5000","-70.6500","CLOSED","NULL","NULL","BACKTEST","21.0500","-70.6500","171.5000","2024-04-30 15:00:00","STOP_LOSS","29.2800","43.9200","5min/SMA50","1","0","75","NULL","NULL"
"1335","1145","NIFTY","HIST:NIFTY:NSE:SPOT","22800","PE","HIST:NIFTY:NFO:2024-05-02:22800:PE","SELL","2024-04-30 13:25:00","100.8500","2024-04-30 15:00:00","171.5000","-70.6500","CLOSED","NULL","NULL","BACKTEST","21.0500","-70.6500","171.5000","2024-04-30 15:00:00","STOP_LOSS","29.2800","43.9200","5min/SMA50","2","0","75","NULL","NULL"
"1336","1149","NIFTY","HIST:NIFTY:NSE:SPOT","22100","CE","HIST:NIFTY:NFO:2024-05-09:22100:CE","SELL","2024-05-08 09:15:00","181.7500","2024-05-08 12:05:00","278.7500","-97.0000","CLOSED","NULL","NULL","BACKTEST","27.2000","-97.0000","278.7500","2024-05-08 12:05:00","STOP_LOSS","63.8500","95.7700","5min/SMA50","1","0","75","NULL","NULL"
"1337","1149","NIFTY","HIST:NIFTY:NSE:SPOT","22100","CE","HIST:NIFTY:NFO:2024-05-09:22100:CE","SELL","2024-05-08 09:15:00","181.7500","2024-05-08 12:05:00","278.7500","-97.0000","CLOSED","NULL","NULL","BACKTEST","27.2000","-97.0000","278.7500","2024-05-08 12:05:00","STOP_LOSS","63.8500","95.7700","5min/SMA50","2","0","75","NULL","NULL"
"1338","1149","NIFTY","HIST:NIFTY:NSE:SPOT","22300","CE","HIST:NIFTY:NFO:2024-05-09:22300:CE","SELL","2024-05-08 12:15:00","128.5000","2024-05-08 14:35:00","64.5000","64.0000","CLOSED","NULL","NULL","BACKTEST","64.0000","-21.1000","64.5000","2024-05-08 14:35:00","TARGET","63.8500","95.7700","15min/SMA50","1","0","75","NULL","NULL"
"1339","1149","NIFTY","HIST:NIFTY:NSE:SPOT","22300","CE","HIST:NIFTY:NFO:2024-05-09:22300:CE","SELL","2024-05-08 12:30:00","119.1500","2024-05-08 15:15:00","71.8500","47.3000","CLOSED","NULL","NULL","BACKTEST","54.6500","-30.4500","73.4000","2024-05-08 15:10:00","SIGNAL","63.8500","95.7700","15min/SMA50","2","0","75","NULL","NULL"
"1340","1149","NIFTY","HIST:NIFTY:NSE:SPOT","22100","CE","HIST:NIFTY:NFO:2024-05-09:22100:CE","SELL","2024-05-08 14:45:00","224.5000","2024-05-08 15:15:00","214.6000","9.9000","CLOSED","NULL","NULL","BACKTEST","10.1500","-1.1000","217.5000","2024-05-08 15:10:00","SIGNAL","63.8500","95.7700","15min/SMA50","1","0","75","NULL","NULL"
"1341","1153","NIFTY","HIST:NIFTY:NSE:SPOT","22200","PE","HIST:NIFTY:NFO:2024-05-16:22200:PE","SELL","2024-05-15 10:15:00","103.5000","2024-05-15 15:15:00","69.4000","34.1000","CLOSED","NULL","NULL","BACKTEST","45.5500","-23.3000","65.1500","2024-05-15 15:10:00","SIGNAL","49.8100","74.7100","5min/SMA100","1","0","75","NULL","NULL"
"1342","1153","NIFTY","HIST:NIFTY:NSE:SPOT","22300","PE","HIST:NIFTY:NFO:2024-05-16:22300:PE","SELL","2024-05-15 11:00:00","116.7000","2024-05-15 15:15:00","130.8500","-14.1500","CLOSED","NULL","NULL","BACKTEST","3.7500","-60.4500","125.3000","2024-05-15 15:10:00","SIGNAL","49.8100","74.7100","5min/SMA100","2","0","75","NULL","NULL"
"1343","1154","NIFTY","HIST:NIFTY:NSE:SPOT","22200","PE","HIST:NIFTY:NFO:2024-05-16:22200:PE","SELL","2024-05-16 10:50:00","94.9500","2024-05-16 12:05:00","49.4500","45.5000","CLOSED","NULL","NULL","BACKTEST","45.5000","-35.0500","49.4500","2024-05-16 12:05:00","TARGET","43.4100","65.1200","5min/SMA200","1","0","75","NULL","NULL"
"1344","1154","NIFTY","HIST:NIFTY:NSE:SPOT","22300","PE","HIST:NIFTY:NFO:2024-05-16:22300:PE","SELL","2024-05-16 12:05:00","103.6000","2024-05-16 12:55:00","191.2500","-87.6500","CLOSED","NULL","NULL","BACKTEST","43.1500","-87.6500","191.2500","2024-05-16 12:55:00","STOP_LOSS","43.4100","65.1200","5min/SMA200","2","0","75","NULL","NULL"
"1345","1157","NIFTY","HIST:NIFTY:NSE:SPOT","22500","PE","HIST:NIFTY:NFO:2024-05-23:22500:PE","SELL","2024-05-21 09:35:00","123.0000","2024-05-21 11:25:00","101.3500","21.6500","CLOSED","NULL","NULL","BACKTEST","21.6500","-13.2500","101.3500","2024-05-21 11:25:00","TARGET","20.6600","30.9800","5min/SMA50","1","0","75","NULL","NULL"
"1346","1157","NIFTY","HIST:NIFTY:NSE:SPOT","22500","PE","HIST:NIFTY:NFO:2024-05-23:22500:PE","SELL","2024-05-21 09:35:00","123.0000","2024-05-21 11:25:00","101.3500","21.6500","CLOSED","NULL","NULL","BACKTEST","21.6500","-13.2500","101.3500","2024-05-21 11:25:00","TARGET","20.6600","30.9800","5min/SMA50","2","0","75","NULL","NULL"
"1347","1158","NIFTY","HIST:NIFTY:NSE:SPOT","22600","PE","HIST:NIFTY:NFO:2024-05-23:22600:PE","SELL","2024-05-22 09:20:00","116.7500","2024-05-22 09:40:00","154.7000","-37.9500","CLOSED","NULL","NULL","BACKTEST","6.4000","-37.9500","154.7000","2024-05-22 09:40:00","STOP_LOSS","21.5200","32.2700","5min/SMA50","1","0","75","NULL","NULL"
"1348","1163","NIFTY","HIST:NIFTY:NSE:SPOT","22600","CE","HIST:NIFTY:NFO:2024-05-30:22600:CE","SELL","2024-05-29 12:50:00","226.8500","2024-05-29 14:40:00","182.0000","44.8500","CLOSED","NULL","NULL","BACKTEST","44.8500","-20.9500","182.0000","2024-05-29 14:40:00","TARGET","35.2600","52.8900","5min/SMA50","1","0","75","NULL","NULL"
"1349","1163","NIFTY","HIST:NIFTY:NSE:SPOT","22600","CE","HIST:NIFTY:NFO:2024-05-30:22600:CE","SELL","2024-05-29 14:05:00","196.2500","2024-05-29 15:15:00","177.1000","19.1500","CLOSED","NULL","NULL","BACKTEST","14.3500","-18.8500","181.9000","2024-05-29 15:10:00","SIGNAL","35.2600","52.8900","5min/SMA50","2","0","75","NULL","NULL"
"1350","1165","NIFTY","HIST:NIFTY:NSE:SPOT","22500","CE","HIST:NIFTY:NFO:2024-05-30:22500:CE","SELL","2024-05-30 13:05:00","98.6500","2024-05-30 14:10:00","50.8500","47.8000","CLOSED","NULL","NULL","BACKTEST","47.8000","0.0000","50.8500","2024-05-30 14:10:00","TARGET","41.7400","62.6100","5min/SMA50","1","0","75","NULL","NULL"
"1351","1165","NIFTY","HIST:NIFTY:NSE:SPOT","22400","CE","HIST:NIFTY:NFO:2024-05-30:22400:CE","SELL","2024-05-30 13:50:00","161.3000","2024-05-30 14:25:00","116.6500","44.6500","CLOSED","NULL","NULL","BACKTEST","44.6500","0.0000","116.6500","2024-05-30 14:25:00","TARGET","41.7400","62.6100","5min/SMA50","2","0","75","NULL","NULL"
"1352","1169","NIFTY","HIST:NIFTY:NSE:SPOT","22800","CE","HIST:NIFTY:NFO:2024-06-06:22800:CE","SELL","2024-06-06 09:15:00","81.4000","2024-06-06 15:15:00","19.2000","62.2000","CLOSED","NULL","NULL","BACKTEST","78.4000","-49.9000","17.6500","2024-06-06 15:10:00","SIGNAL","79.9500","129.5200","15min/SMA50","1","0","75","NULL","NULL"
"1353","1169","NIFTY","HIST:NIFTY:NSE:SPOT","22800","CE","HIST:NIFTY:NFO:2024-06-06:22800:CE","SELL","2024-06-06 09:15:00","81.4000","2024-06-06 15:15:00","19.2000","62.2000","CLOSED","NULL","NULL","BACKTEST","78.4000","-49.9000","17.6500","2024-06-06 15:10:00","SIGNAL","79.9500","129.5200","15min/SMA50","2","0","75","NULL","NULL"
"1354","1170","NIFTY","HIST:NIFTY:NSE:SPOT","22900","PE","HIST:NIFTY:NFO:2024-06-06:22900:PE","SELL","2024-06-06 11:50:00","174.7000","2024-06-06 15:00:00","84.3000","90.4000","CLOSED","NULL","NULL","BACKTEST","90.4000","-105.3000","84.3000","2024-06-06 15:00:00","TARGET","79.9500","270.5200","5min/SMA50","1","0","75","NULL","NULL"
"1355","1170","NIFTY","HIST:NIFTY:NSE:SPOT","22900","PE","HIST:NIFTY:NFO:2024-06-06:22900:PE","SELL","2024-06-06 11:50:00","174.7000","2024-06-06 15:00:00","84.3000","90.4000","CLOSED","NULL","NULL","BACKTEST","90.4000","-105.3000","84.3000","2024-06-06 15:00:00","TARGET","79.9500","270.5200","5min/SMA50","2","0","75","NULL","NULL"
"1356","1174","NIFTY","HIST:NIFTY:NSE:SPOT","23400","PE","HIST:NIFTY:NFO:2024-06-13:23400:PE","SELL","2024-06-12 09:15:00","139.1500","2024-06-12 10:40:00","70.4500","68.7000","CLOSED","NULL","NULL","BACKTEST","68.7000","0.0000","70.4500","2024-06-12 10:40:00","TARGET","58.5500","87.8300","5min/SMA50","1","0","75","NULL","NULL"
"1357","1174","NIFTY","HIST:NIFTY:NSE:SPOT","23400","PE","HIST:NIFTY:NFO:2024-06-13:23400:PE","SELL","2024-06-12 09:15:00","139.1500","2024-06-12 10:40:00","70.4500","68.7000","CLOSED","NULL","NULL","BACKTEST","68.7000","0.0000","70.4500","2024-06-12 10:40:00","TARGET","58.5500","87.8300","5min/SMA50","2","0","75","NULL","NULL"
"1358","1174","NIFTY","HIST:NIFTY:NSE:SPOT","23500","PE","HIST:NIFTY:NFO:2024-06-13:23500:PE","SELL","2024-06-12 12:55:00","146.4500","2024-06-12 15:15:00","199.7000","-53.2500","CLOSED","NULL","NULL","BACKTEST","9.2000","-59.4500","202.2000","2024-06-12 15:10:00","SIGNAL","58.5500","87.8300","5min/SMA50","1","0","75","NULL","NULL"
"1359","1175","NIFTY","HIST:NIFTY:NSE:SPOT","23300","CE","HIST:NIFTY:NFO:2024-06-13:23300:CE","SELL","2024-06-13 09:30:00","103.7500","2024-06-13 15:20:00","96.9000","6.8500","CLOSED","NULL","NULL","BACKTEST","26.2500","-7.3500","96.9000","2024-06-13 15:00:00","FORCE_CLOSE","39.8300","59.7400","15min/SMA50","1","0","75","NULL","NULL"
"1360","1175","NIFTY","HIST:NIFTY:NSE:SPOT","23300","CE","HIST:NIFTY:NFO:2024-06-13:23300:CE","SELL","2024-06-13 09:30:00","103.7500","2024-06-13 15:20:00","96.9000","6.8500","CLOSED","NULL","NULL","BACKTEST","26.2500","-7.3500","96.9000","2024-06-13 15:00:00","FORCE_CLOSE","39.8300","59.7400","15min/SMA50","2","0","75","NULL","NULL"
"1361","1176","NIFTY","HIST:NIFTY:NSE:SPOT","23600","PE","HIST:NIFTY:NFO:2024-06-13:23600:PE","SELL","2024-06-13 09:55:00","216.4500","2024-06-13 15:15:00","201.3000","15.1500","CLOSED","NULL","NULL","BACKTEST","23.6500","-27.3500","203.1000","2024-06-13 15:10:00","SIGNAL","49.7400","74.6000","5min/SMA100","1","0","75","NULL","NULL"
"1362","1176","NIFTY","HIST:NIFTY:NSE:SPOT","23600","PE","HIST:NIFTY:NFO:2024-06-13:23600:PE","SELL","2024-06-13 09:55:00","216.4500","2024-06-13 15:15:00","201.3000","15.1500","CLOSED","NULL","NULL","BACKTEST","23.6500","-27.3500","203.1000","2024-06-13 15:10:00","SIGNAL","49.7400","74.6000","5min/SMA100","2","0","75","NULL","NULL"
